"","site","year","gene","aa_change","prevalence"
"1","Agago","2016-17","dhfr-ts","Asn51Ile",100
"2","Agago","2018-19","dhfr-ts","Asn51Ile",100
"3","Agago","2020","dhfr-ts","Asn51Ile",100
"4","Agago","2021","dhfr-ts","Asn51Ile",100
"5","Agago","2022","dhfr-ts","Asn51Ile",97.5308641975309
"6","Agago","2016-17","dhfr-ts","Cys59Arg",93.1034482758621
"7","Agago","2018-19","dhfr-ts","Cys59Arg",97.3684210526316
"8","Agago","2020","dhfr-ts","Cys59Arg",94.4444444444444
"9","Agago","2021","dhfr-ts","Cys59Arg",96.2962962962963
"10","Agago","2022","dhfr-ts","Cys59Arg",93.8271604938272
"11","Agago","2016-17","dhfr-ts","Ile164Leu",6
"12","Agago","2018-19","dhfr-ts","Ile164Leu",2.63157894736842
"13","Agago","2020","dhfr-ts","Ile164Leu",5.88235294117647
"14","Agago","2021","dhfr-ts","Ile164Leu",0
"15","Agago","2022","dhfr-ts","Ile164Leu",5.63380281690141
"16","Agago","2016-17","dhfr-ts","Ser108Asn",100
"17","Agago","2018-19","dhfr-ts","Ser108Asn",100
"18","Agago","2020","dhfr-ts","Ser108Asn",100
"19","Agago","2021","dhfr-ts","Ser108Asn",100
"20","Agago","2022","dhfr-ts","Ser108Asn",97.2972972972973
"21","Agago","2016-17","dhps","Ala437Gly",92
"22","Agago","2018-19","dhps","Ala437Gly",97.2222222222222
"23","Agago","2020","dhps","Ala437Gly",94.4444444444444
"24","Agago","2021","dhps","Ala437Gly",96.2264150943396
"25","Agago","2022","dhps","Ala437Gly",93.3333333333333
"26","Agago","2016-17","dhps","Ala581Gly",6.77966101694915
"27","Agago","2018-19","dhps","Ala581Gly",2.56410256410256
"28","Agago","2020","dhps","Ala581Gly",0
"29","Agago","2021","dhps","Ala581Gly",0
"30","Agago","2022","dhps","Ala581Gly",3.84615384615385
"31","Agago","2016-17","dhps","Lys540Glu",96.4285714285714
"32","Agago","2018-19","dhps","Lys540Glu",97.2222222222222
"33","Agago","2020","dhps","Lys540Glu",92.5925925925926
"34","Agago","2021","dhps","Lys540Glu",98.2456140350877
"35","Agago","2022","dhps","Lys540Glu",93.6708860759494
"36","Agago","2016-17","dhps","Ser436Ala",2.17391304347826
"37","Agago","2018-19","dhps","Ser436Ala",0
"38","Agago","2020","dhps","Ser436Ala",0
"39","Agago","2021","dhps","Ser436Ala",0
"40","Agago","2022","dhps","Ser436Ala",0
"41","Amolatar","2016-17","dhfr-ts","Asn51Ile",100
"42","Amolatar","2018-19","dhfr-ts","Asn51Ile",100
"43","Amolatar","2020","dhfr-ts","Asn51Ile",100
"44","Amolatar","2021","dhfr-ts","Asn51Ile",100
"45","Amolatar","2022","dhfr-ts","Asn51Ile",100
"46","Amolatar","2016-17","dhfr-ts","Cys59Arg",100
"47","Amolatar","2018-19","dhfr-ts","Cys59Arg",100
"48","Amolatar","2020","dhfr-ts","Cys59Arg",100
"49","Amolatar","2021","dhfr-ts","Cys59Arg",98.1132075471698
"50","Amolatar","2022","dhfr-ts","Cys59Arg",100
"51","Amolatar","2016-17","dhfr-ts","Ile164Leu",11.7647058823529
"52","Amolatar","2018-19","dhfr-ts","Ile164Leu",23.5294117647059
"53","Amolatar","2020","dhfr-ts","Ile164Leu",8.69565217391304
"54","Amolatar","2021","dhfr-ts","Ile164Leu",8.57142857142857
"55","Amolatar","2022","dhfr-ts","Ile164Leu",100
"56","Amolatar","2016-17","dhfr-ts","Ser108Asn",100
"57","Amolatar","2018-19","dhfr-ts","Ser108Asn",100
"58","Amolatar","2020","dhfr-ts","Ser108Asn",100
"59","Amolatar","2021","dhfr-ts","Ser108Asn",100
"60","Amolatar","2022","dhfr-ts","Ser108Asn",100
"61","Amolatar","2016-17","dhps","Ala437Gly",98.0769230769231
"62","Amolatar","2018-19","dhps","Ala437Gly",100
"63","Amolatar","2020","dhps","Ala437Gly",100
"64","Amolatar","2021","dhps","Ala437Gly",100
"65","Amolatar","2022","dhps","Ala437Gly",100
"66","Amolatar","2016-17","dhps","Ala581Gly",8.33333333333333
"67","Amolatar","2018-19","dhps","Ala581Gly",0
"68","Amolatar","2020","dhps","Ala581Gly",0
"69","Amolatar","2021","dhps","Ala581Gly",0
"70","Amolatar","2022","dhps","Ala581Gly",0
"71","Amolatar","2016-17","dhps","Lys540Glu",98.2142857142857
"72","Amolatar","2018-19","dhps","Lys540Glu",100
"73","Amolatar","2020","dhps","Lys540Glu",100
"74","Amolatar","2021","dhps","Lys540Glu",100
"75","Amolatar","2022","dhps","Lys540Glu",100
"76","Amolatar","2016-17","dhps","Ser436His",0
"77","Amolatar","2018-19","dhps","Ser436His",0
"78","Amolatar","2020","dhps","Ser436His",4.54545454545455
"79","Amolatar","2021","dhps","Ser436His",0
"80","Amolatar","2022","dhps","Ser436His",0
"81","Arua","2016-17","dhfr-ts","Asn51Ile",100
"82","Arua","2018-19","dhfr-ts","Asn51Ile",100
"83","Arua","2020","dhfr-ts","Asn51Ile",100
"84","Arua","2021","dhfr-ts","Asn51Ile",100
"85","Arua","2022","dhfr-ts","Asn51Ile",100
"86","Arua","2016-17","dhfr-ts","Cys59Arg",91.9354838709677
"87","Arua","2018-19","dhfr-ts","Cys59Arg",90.9090909090909
"88","Arua","2020","dhfr-ts","Cys59Arg",86
"89","Arua","2021","dhfr-ts","Cys59Arg",92.8571428571429
"90","Arua","2022","dhfr-ts","Cys59Arg",92.4050632911392
"91","Arua","2016-17","dhfr-ts","Ile164Leu",10
"92","Arua","2018-19","dhfr-ts","Ile164Leu",2.94117647058824
"93","Arua","2020","dhfr-ts","Ile164Leu",6.12244897959184
"94","Arua","2021","dhfr-ts","Ile164Leu",6.77966101694915
"95","Arua","2022","dhfr-ts","Ile164Leu",20.2898550724638
"96","Arua","2016-17","dhfr-ts","Ser108Asn",100
"97","Arua","2018-19","dhfr-ts","Ser108Asn",100
"98","Arua","2020","dhfr-ts","Ser108Asn",100
"99","Arua","2021","dhfr-ts","Ser108Asn",100
"100","Arua","2022","dhfr-ts","Ser108Asn",100
"101","Arua","2016-17","dhps","Ala437Gly",98.3870967741936
"102","Arua","2018-19","dhps","Ala437Gly",96.551724137931
"103","Arua","2020","dhps","Ala437Gly",100
"104","Arua","2021","dhps","Ala437Gly",97.1014492753623
"105","Arua","2022","dhps","Ala437Gly",98.6842105263158
"106","Arua","2016-17","dhps","Ala581Gly",15.3846153846154
"107","Arua","2018-19","dhps","Ala581Gly",9.09090909090909
"108","Arua","2020","dhps","Ala581Gly",14
"109","Arua","2021","dhps","Ala581Gly",20.2702702702703
"110","Arua","2022","dhps","Ala581Gly",14.8148148148148
"111","Arua","2016-17","dhps","Lys540Glu",98.4615384615385
"112","Arua","2018-19","dhps","Lys540Glu",93.5483870967742
"113","Arua","2020","dhps","Lys540Glu",100
"114","Arua","2021","dhps","Lys540Glu",97.2602739726027
"115","Arua","2022","dhps","Lys540Glu",97.4358974358974
"116","Arua","2016-17","dhps","Ser436Ala",8.19672131147541
"117","Arua","2018-19","dhps","Ser436Ala",10.3448275862069
"118","Arua","2020","dhps","Ser436Ala",6.12244897959184
"119","Arua","2021","dhps","Ser436Ala",5.79710144927536
"120","Arua","2022","dhps","Ser436Ala",0
"121","Arua","2016-17","dhps","Ser436His",3.7037037037037
"122","Arua","2018-19","dhps","Ser436His",0
"123","Arua","2020","dhps","Ser436His",0
"124","Arua","2021","dhps","Ser436His",0
"125","Arua","2022","dhps","Ser436His",0
"126","Hoima","2016-17","dhfr-ts","Asn51Ile",0
"127","Hoima","2018-19","dhfr-ts","Asn51Ile",100
"128","Hoima","2020","dhfr-ts","Asn51Ile",100
"129","Hoima","2021","dhfr-ts","Asn51Ile",100
"130","Hoima","2022","dhfr-ts","Asn51Ile",100
"131","Hoima","2016-17","dhfr-ts","Cys59Arg",0
"132","Hoima","2018-19","dhfr-ts","Cys59Arg",96
"133","Hoima","2020","dhfr-ts","Cys59Arg",91.566265060241
"134","Hoima","2021","dhfr-ts","Cys59Arg",100
"135","Hoima","2022","dhfr-ts","Cys59Arg",100
"136","Hoima","2016-17","dhfr-ts","Ile164Leu",0
"137","Hoima","2018-19","dhfr-ts","Ile164Leu",21.4285714285714
"138","Hoima","2020","dhfr-ts","Ile164Leu",21.25
"139","Hoima","2021","dhfr-ts","Ile164Leu",9.43396226415094
"140","Hoima","2022","dhfr-ts","Ile164Leu",20
"141","Hoima","2016-17","dhfr-ts","Ser108Asn",0
"142","Hoima","2018-19","dhfr-ts","Ser108Asn",100
"143","Hoima","2020","dhfr-ts","Ser108Asn",100
"144","Hoima","2021","dhfr-ts","Ser108Asn",100
"145","Hoima","2022","dhfr-ts","Ser108Asn",100
"146","Hoima","2016-17","dhps","Ala437Gly",0
"147","Hoima","2018-19","dhps","Ala437Gly",100
"148","Hoima","2020","dhps","Ala437Gly",100
"149","Hoima","2021","dhps","Ala437Gly",95.1219512195122
"150","Hoima","2022","dhps","Ala437Gly",100
"151","Hoima","2016-17","dhps","Ala581Gly",0
"152","Hoima","2018-19","dhps","Ala581Gly",14.4736842105263
"153","Hoima","2020","dhps","Ala581Gly",9.87654320987654
"154","Hoima","2021","dhps","Ala581Gly",21.7391304347826
"155","Hoima","2022","dhps","Ala581Gly",0
"156","Hoima","2016-17","dhps","Lys540Glu",0
"157","Hoima","2018-19","dhps","Lys540Glu",100
"158","Hoima","2020","dhps","Lys540Glu",100
"159","Hoima","2021","dhps","Lys540Glu",95.5056179775281
"160","Hoima","2022","dhps","Lys540Glu",100
"161","Hoima","2016-17","dhps","Ser436Ala",0
"162","Hoima","2018-19","dhps","Ser436Ala",2.77777777777778
"163","Hoima","2020","dhps","Ser436Ala",0
"164","Hoima","2021","dhps","Ser436Ala",0
"165","Hoima","2022","dhps","Ser436Ala",0
"166","Jinja","2016-17","dhfr-ts","Asn51Ile",100
"167","Jinja","2018-19","dhfr-ts","Asn51Ile",100
"168","Jinja","2020","dhfr-ts","Asn51Ile",100
"169","Jinja","2021","dhfr-ts","Asn51Ile",100
"170","Jinja","2022","dhfr-ts","Asn51Ile",100
"171","Jinja","2016-17","dhfr-ts","Cys59Arg",98.2142857142857
"172","Jinja","2018-19","dhfr-ts","Cys59Arg",98.780487804878
"173","Jinja","2020","dhfr-ts","Cys59Arg",100
"174","Jinja","2021","dhfr-ts","Cys59Arg",100
"175","Jinja","2022","dhfr-ts","Cys59Arg",100
"176","Jinja","2016-17","dhfr-ts","Ile164Leu",27.906976744186
"177","Jinja","2018-19","dhfr-ts","Ile164Leu",25.609756097561
"178","Jinja","2020","dhfr-ts","Ile164Leu",55.5555555555556
"179","Jinja","2021","dhfr-ts","Ile164Leu",1.25
"180","Jinja","2022","dhfr-ts","Ile164Leu",84.0277777777778
"181","Jinja","2016-17","dhfr-ts","Ser108Asn",100
"182","Jinja","2018-19","dhfr-ts","Ser108Asn",100
"183","Jinja","2020","dhfr-ts","Ser108Asn",100
"184","Jinja","2021","dhfr-ts","Ser108Asn",100
"185","Jinja","2022","dhfr-ts","Ser108Asn",100
"186","Jinja","2016-17","dhps","Ala437Gly",100
"187","Jinja","2018-19","dhps","Ala437Gly",100
"188","Jinja","2020","dhps","Ala437Gly",100
"189","Jinja","2021","dhps","Ala437Gly",100
"190","Jinja","2022","dhps","Ala437Gly",100
"191","Jinja","2016-17","dhps","Ala581Gly",4.91803278688525
"192","Jinja","2018-19","dhps","Ala581Gly",2.4390243902439
"193","Jinja","2020","dhps","Ala581Gly",17.0212765957447
"194","Jinja","2021","dhps","Ala581Gly",1.05263157894737
"195","Jinja","2022","dhps","Ala581Gly",0
"196","Jinja","2016-17","dhps","Lys540Glu",100
"197","Jinja","2018-19","dhps","Lys540Glu",100
"198","Jinja","2020","dhps","Lys540Glu",100
"199","Jinja","2021","dhps","Lys540Glu",100
"200","Jinja","2022","dhps","Lys540Glu",100
"201","Jinja","2016-17","dhps","Ser436His",7.69230769230769
"202","Jinja","2018-19","dhps","Ser436His",0
"203","Jinja","2020","dhps","Ser436His",1.17647058823529
"204","Jinja","2021","dhps","Ser436His",0
"205","Jinja","2022","dhps","Ser436His",0
"206","Jinja","2016-17","dhps","Ser436Ala",0
"207","Jinja","2018-19","dhps","Ser436Ala",4.05405405405405
"208","Jinja","2020","dhps","Ser436Ala",0
"209","Jinja","2021","dhps","Ser436Ala",0
"210","Jinja","2022","dhps","Ser436Ala",0
"211","Kapchorwa","2016-17","dhfr-ts","Asn51Ile",0
"212","Kapchorwa","2018-19","dhfr-ts","Asn51Ile",100
"213","Kapchorwa","2020","dhfr-ts","Asn51Ile",0
"214","Kapchorwa","2021","dhfr-ts","Asn51Ile",100
"215","Kapchorwa","2022","dhfr-ts","Asn51Ile",100
"216","Kapchorwa","2016-17","dhfr-ts","Cys59Arg",0
"217","Kapchorwa","2018-19","dhfr-ts","Cys59Arg",100
"218","Kapchorwa","2020","dhfr-ts","Cys59Arg",0
"219","Kapchorwa","2021","dhfr-ts","Cys59Arg",97.3333333333333
"220","Kapchorwa","2022","dhfr-ts","Cys59Arg",37.9310344827586
"221","Kapchorwa","2016-17","dhfr-ts","Ser108Asn",0
"222","Kapchorwa","2018-19","dhfr-ts","Ser108Asn",100
"223","Kapchorwa","2020","dhfr-ts","Ser108Asn",0
"224","Kapchorwa","2021","dhfr-ts","Ser108Asn",100
"225","Kapchorwa","2022","dhfr-ts","Ser108Asn",100
"226","Kapchorwa","2016-17","dhps","Ala437Gly",0
"227","Kapchorwa","2018-19","dhps","Ala437Gly",100
"228","Kapchorwa","2020","dhps","Ala437Gly",0
"229","Kapchorwa","2021","dhps","Ala437Gly",100
"230","Kapchorwa","2022","dhps","Ala437Gly",95.8333333333333
"231","Kapchorwa","2016-17","dhps","Lys540Glu",0
"232","Kapchorwa","2018-19","dhps","Lys540Glu",100
"233","Kapchorwa","2020","dhps","Lys540Glu",0
"234","Kapchorwa","2021","dhps","Lys540Glu",98.7951807228916
"235","Kapchorwa","2022","dhps","Lys540Glu",96.6666666666667
"236","Kapchorwa","2016-17","dhps","Ser436Ala",0
"237","Kapchorwa","2018-19","dhps","Ser436Ala",0
"238","Kapchorwa","2020","dhps","Ser436Ala",0
"239","Kapchorwa","2021","dhps","Ser436Ala",1.26582278481013
"240","Kapchorwa","2022","dhps","Ser436Ala",0
"241","Kabale","2016-17","dhfr-ts","Asn51Ile",100
"242","Kabale","2018-19","dhfr-ts","Asn51Ile",100
"243","Kabale","2020","dhfr-ts","Asn51Ile",100
"244","Kabale","2021","dhfr-ts","Asn51Ile",100
"245","Kabale","2022","dhfr-ts","Asn51Ile",100
"246","Kabale","2016-17","dhfr-ts","Cys59Arg",95
"247","Kabale","2018-19","dhfr-ts","Cys59Arg",100
"248","Kabale","2020","dhfr-ts","Cys59Arg",90.3225806451613
"249","Kabale","2021","dhfr-ts","Cys59Arg",96.4705882352941
"250","Kabale","2022","dhfr-ts","Cys59Arg",96.8253968253968
"251","Kabale","2016-17","dhfr-ts","Ile164Leu",21.6216216216216
"252","Kabale","2018-19","dhfr-ts","Ile164Leu",33.3333333333333
"253","Kabale","2020","dhfr-ts","Ile164Leu",35.7142857142857
"254","Kabale","2021","dhfr-ts","Ile164Leu",61.1111111111111
"255","Kabale","2022","dhfr-ts","Ile164Leu",75.9259259259259
"256","Kabale","2016-17","dhfr-ts","Ser108Asn",100
"257","Kabale","2018-19","dhfr-ts","Ser108Asn",100
"258","Kabale","2020","dhfr-ts","Ser108Asn",100
"259","Kabale","2021","dhfr-ts","Ser108Asn",100
"260","Kabale","2022","dhfr-ts","Ser108Asn",100
"261","Kabale","2016-17","dhps","Ala437Gly",100
"262","Kabale","2018-19","dhps","Ala437Gly",100
"263","Kabale","2020","dhps","Ala437Gly",93.1034482758621
"264","Kabale","2021","dhps","Ala437Gly",100
"265","Kabale","2022","dhps","Ala437Gly",100
"266","Kabale","2016-17","dhps","Ala581Gly",73.1707317073171
"267","Kabale","2018-19","dhps","Ala581Gly",40
"268","Kabale","2020","dhps","Ala581Gly",42.4242424242424
"269","Kabale","2021","dhps","Ala581Gly",82.3529411764706
"270","Kabale","2022","dhps","Ala581Gly",80
"271","Kabale","2016-17","dhps","Lys540Glu",100
"272","Kabale","2018-19","dhps","Lys540Glu",85.7142857142857
"273","Kabale","2020","dhps","Lys540Glu",90.625
"274","Kabale","2021","dhps","Lys540Glu",97.6744186046512
"275","Kabale","2022","dhps","Lys540Glu",100
"276","Kabale","2016-17","dhps","Glu108Lys",0
"277","Kabale","2018-19","dhps","Glu108Lys",0
"278","Kabale","2020","dhps","Glu108Lys",0
"279","Kabale","2021","dhps","Glu108Lys",2.46913580246914
"280","Kabale","2022","dhps","Glu108Lys",0
"281","Kaabong","2016-17","dhfr-ts","Asn51Ile",0
"282","Kaabong","2018-19","dhfr-ts","Asn51Ile",100
"283","Kaabong","2020","dhfr-ts","Asn51Ile",97.6190476190476
"284","Kaabong","2021","dhfr-ts","Asn51Ile",96.7213114754098
"285","Kaabong","2022","dhfr-ts","Asn51Ile",100
"286","Kaabong","2016-17","dhfr-ts","Cys59Arg",0
"287","Kaabong","2018-19","dhfr-ts","Cys59Arg",89.7435897435898
"288","Kaabong","2020","dhfr-ts","Cys59Arg",92.8571428571429
"289","Kaabong","2021","dhfr-ts","Cys59Arg",90.1639344262295
"290","Kaabong","2022","dhfr-ts","Cys59Arg",96.3855421686747
"291","Kaabong","2016-17","dhfr-ts","Ser108Asn",0
"292","Kaabong","2018-19","dhfr-ts","Ser108Asn",100
"293","Kaabong","2020","dhfr-ts","Ser108Asn",97.3684210526316
"294","Kaabong","2021","dhfr-ts","Ser108Asn",98
"295","Kaabong","2022","dhfr-ts","Ser108Asn",98.6486486486486
"296","Kaabong","2016-17","dhps","Ala437Gly",0
"297","Kaabong","2018-19","dhps","Ala437Gly",88.8888888888889
"298","Kaabong","2020","dhps","Ala437Gly",95
"299","Kaabong","2021","dhps","Ala437Gly",89.6551724137931
"300","Kaabong","2022","dhps","Ala437Gly",91.4285714285714
"301","Kaabong","2016-17","dhps","Lys540Glu",0
"302","Kaabong","2018-19","dhps","Lys540Glu",89.1891891891892
"303","Kaabong","2020","dhps","Lys540Glu",93.0232558139535
"304","Kaabong","2021","dhps","Lys540Glu",88.8888888888889
"305","Kaabong","2022","dhps","Lys540Glu",92.2077922077922
"306","Kaabong","2016-17","dhps","Ser436Ala",0
"307","Kaabong","2018-19","dhps","Ser436Ala",3.125
"308","Kaabong","2020","dhps","Ser436Ala",5.26315789473684
"309","Kaabong","2021","dhps","Ser436Ala",3.84615384615385
"310","Kaabong","2022","dhps","Ser436Ala",0
"311","Kaabong","2016-17","dhfr-ts","Ile164Leu",0
"312","Kaabong","2018-19","dhfr-ts","Ile164Leu",0
"313","Kaabong","2020","dhfr-ts","Ile164Leu",0
"314","Kaabong","2021","dhfr-ts","Ile164Leu",2.17391304347826
"315","Kaabong","2022","dhfr-ts","Ile164Leu",2.85714285714286
"316","Kaabong","2016-17","dhps","Ala581Gly",0
"317","Kaabong","2018-19","dhps","Ala581Gly",0
"318","Kaabong","2020","dhps","Ala581Gly",0
"319","Kaabong","2021","dhps","Ala581Gly",7.57575757575758
"320","Kaabong","2022","dhps","Ala581Gly",0
"321","Koboko","2016-17","dhfr-ts","Asn51Ile",0
"322","Koboko","2018-19","dhfr-ts","Asn51Ile",100
"323","Koboko","2020","dhfr-ts","Asn51Ile",100
"324","Koboko","2021","dhfr-ts","Asn51Ile",100
"325","Koboko","2022","dhfr-ts","Asn51Ile",100
"326","Koboko","2016-17","dhfr-ts","Cys59Arg",0
"327","Koboko","2018-19","dhfr-ts","Cys59Arg",85.1851851851852
"328","Koboko","2020","dhfr-ts","Cys59Arg",92.6829268292683
"329","Koboko","2021","dhfr-ts","Cys59Arg",83.7209302325581
"330","Koboko","2022","dhfr-ts","Cys59Arg",94.5454545454545
"331","Koboko","2016-17","dhfr-ts","Ser108Asn",0
"332","Koboko","2018-19","dhfr-ts","Ser108Asn",100
"333","Koboko","2020","dhfr-ts","Ser108Asn",100
"334","Koboko","2021","dhfr-ts","Ser108Asn",100
"335","Koboko","2022","dhfr-ts","Ser108Asn",100
"336","Koboko","2016-17","dhps","Ala437Gly",0
"337","Koboko","2018-19","dhps","Ala437Gly",100
"338","Koboko","2020","dhps","Ala437Gly",100
"339","Koboko","2021","dhps","Ala437Gly",100
"340","Koboko","2022","dhps","Ala437Gly",95.6521739130435
"341","Koboko","2016-17","dhps","Ala581Gly",0
"342","Koboko","2018-19","dhps","Ala581Gly",15.3846153846154
"343","Koboko","2020","dhps","Ala581Gly",13.953488372093
"344","Koboko","2021","dhps","Ala581Gly",10.2040816326531
"345","Koboko","2022","dhps","Ala581Gly",3.84615384615385
"346","Koboko","2016-17","dhps","Lys540Glu",0
"347","Koboko","2018-19","dhps","Lys540Glu",100
"348","Koboko","2020","dhps","Lys540Glu",95.2380952380952
"349","Koboko","2021","dhps","Lys540Glu",97.9166666666667
"350","Koboko","2022","dhps","Lys540Glu",96
"351","Koboko","2016-17","dhps","Ser436Ala",0
"352","Koboko","2018-19","dhps","Ser436Ala",4.16666666666667
"353","Koboko","2020","dhps","Ser436Ala",11.7647058823529
"354","Koboko","2021","dhps","Ser436Ala",5.26315789473684
"355","Koboko","2022","dhps","Ser436Ala",4.44444444444444
"356","Kanungu","2016-17","dhfr-ts","Asn51Ile",98.7179487179487
"357","Kanungu","2018-19","dhfr-ts","Asn51Ile",100
"358","Kanungu","2020","dhfr-ts","Asn51Ile",100
"359","Kanungu","2021","dhfr-ts","Asn51Ile",100
"360","Kanungu","2022","dhfr-ts","Asn51Ile",100
"361","Kanungu","2016-17","dhfr-ts","Cys59Arg",98.7179487179487
"362","Kanungu","2018-19","dhfr-ts","Cys59Arg",98.1132075471698
"363","Kanungu","2020","dhfr-ts","Cys59Arg",93.8271604938272
"364","Kanungu","2021","dhfr-ts","Cys59Arg",97.9166666666667
"365","Kanungu","2022","dhfr-ts","Cys59Arg",98.5915492957747
"366","Kanungu","2016-17","dhfr-ts","Ile164Leu",30.3030303030303
"367","Kanungu","2018-19","dhfr-ts","Ile164Leu",43.859649122807
"368","Kanungu","2020","dhfr-ts","Ile164Leu",48.7179487179487
"369","Kanungu","2021","dhfr-ts","Ile164Leu",41.1764705882353
"370","Kanungu","2022","dhfr-ts","Ile164Leu",64.1509433962264
"371","Kanungu","2016-17","dhfr-ts","Ser108Asn",100
"372","Kanungu","2018-19","dhfr-ts","Ser108Asn",100
"373","Kanungu","2020","dhfr-ts","Ser108Asn",100
"374","Kanungu","2021","dhfr-ts","Ser108Asn",100
"375","Kanungu","2022","dhfr-ts","Ser108Asn",100
"376","Kanungu","2016-17","dhps","Ala437Gly",100
"377","Kanungu","2018-19","dhps","Ala437Gly",98.1132075471698
"378","Kanungu","2020","dhps","Ala437Gly",100
"379","Kanungu","2021","dhps","Ala437Gly",100
"380","Kanungu","2022","dhps","Ala437Gly",86.3636363636364
"381","Kanungu","2016-17","dhps","Ala581Gly",56.6265060240964
"382","Kanungu","2018-19","dhps","Ala581Gly",43.3333333333333
"383","Kanungu","2020","dhps","Ala581Gly",38.2716049382716
"384","Kanungu","2021","dhps","Ala581Gly",46.7741935483871
"385","Kanungu","2022","dhps","Ala581Gly",36
"386","Kanungu","2016-17","dhps","Lys540Glu",100
"387","Kanungu","2018-19","dhps","Lys540Glu",92.3076923076923
"388","Kanungu","2020","dhps","Lys540Glu",100
"389","Kanungu","2021","dhps","Lys540Glu",100
"390","Kanungu","2022","dhps","Lys540Glu",86.1111111111111
"391","Kole","2016-17","dhfr-ts","Asn51Ile",100
"392","Kole","2018-19","dhfr-ts","Asn51Ile",100
"393","Kole","2020","dhfr-ts","Asn51Ile",100
"394","Kole","2021","dhfr-ts","Asn51Ile",100
"395","Kole","2022","dhfr-ts","Asn51Ile",100
"396","Kole","2016-17","dhfr-ts","Cys59Arg",95.8333333333333
"397","Kole","2018-19","dhfr-ts","Cys59Arg",93.75
"398","Kole","2020","dhfr-ts","Cys59Arg",96.8253968253968
"399","Kole","2021","dhfr-ts","Cys59Arg",98.1818181818182
"400","Kole","2022","dhfr-ts","Cys59Arg",97.5409836065574
"401","Kole","2016-17","dhfr-ts","Ile164Leu",19.5121951219512
"402","Kole","2018-19","dhfr-ts","Ile164Leu",8.33333333333333
"403","Kole","2020","dhfr-ts","Ile164Leu",10.3448275862069
"404","Kole","2021","dhfr-ts","Ile164Leu",2.38095238095238
"405","Kole","2022","dhfr-ts","Ile164Leu",22.0183486238532
"406","Kole","2016-17","dhfr-ts","Ser108Asn",100
"407","Kole","2018-19","dhfr-ts","Ser108Asn",100
"408","Kole","2020","dhfr-ts","Ser108Asn",100
"409","Kole","2021","dhfr-ts","Ser108Asn",100
"410","Kole","2022","dhfr-ts","Ser108Asn",100
"411","Kole","2016-17","dhps","Ala437Gly",100
"412","Kole","2018-19","dhps","Ala437Gly",97.5
"413","Kole","2020","dhps","Ala437Gly",96.6666666666667
"414","Kole","2021","dhps","Ala437Gly",100
"415","Kole","2022","dhps","Ala437Gly",100
"416","Kole","2016-17","dhps","Ala581Gly",3.92156862745098
"417","Kole","2018-19","dhps","Ala581Gly",2.04081632653061
"418","Kole","2020","dhps","Ala581Gly",1.53846153846154
"419","Kole","2021","dhps","Ala581Gly",1.61290322580645
"420","Kole","2022","dhps","Ala581Gly",3.33333333333333
"421","Kole","2016-17","dhps","Lys540Glu",100
"422","Kole","2018-19","dhps","Lys540Glu",97.4358974358974
"423","Kole","2020","dhps","Lys540Glu",98.3606557377049
"424","Kole","2021","dhps","Lys540Glu",98.3050847457627
"425","Kole","2022","dhps","Lys540Glu",99.1452991452991
"426","Kole","2016-17","dhps","Ser436Cys",5.26315789473684
"427","Kole","2018-19","dhps","Ser436Cys",0
"428","Kole","2020","dhps","Ser436Cys",0
"429","Kole","2021","dhps","Ser436Cys",0
"430","Kole","2022","dhps","Ser436Cys",0
"431","Kole","2016-17","dhps","Ser436Ala",0
"432","Kole","2018-19","dhps","Ser436Ala",2.5
"433","Kole","2020","dhps","Ser436Ala",3.44827586206897
"434","Kole","2021","dhps","Ser436Ala",0
"435","Kole","2022","dhps","Ser436Ala",0
"436","Kole","2016-17","dhps","Ser436His",0
"437","Kole","2018-19","dhps","Ser436His",0
"438","Kole","2020","dhps","Ser436His",1.72413793103448
"439","Kole","2021","dhps","Ser436His",0
"440","Kole","2022","dhps","Ser436His",0
"441","Kasese","2016-17","dhfr-ts","Asn51Ile",0
"442","Kasese","2018-19","dhfr-ts","Asn51Ile",100
"443","Kasese","2020","dhfr-ts","Asn51Ile",100
"444","Kasese","2021","dhfr-ts","Asn51Ile",100
"445","Kasese","2022","dhfr-ts","Asn51Ile",100
"446","Kasese","2016-17","dhfr-ts","Cys59Arg",0
"447","Kasese","2018-19","dhfr-ts","Cys59Arg",94.8717948717949
"448","Kasese","2020","dhfr-ts","Cys59Arg",91.8918918918919
"449","Kasese","2021","dhfr-ts","Cys59Arg",98.6842105263158
"450","Kasese","2022","dhfr-ts","Cys59Arg",95.4954954954955
"451","Kasese","2016-17","dhfr-ts","Ile164Leu",0
"452","Kasese","2018-19","dhfr-ts","Ile164Leu",48.7179487179487
"453","Kasese","2020","dhfr-ts","Ile164Leu",49.2957746478873
"454","Kasese","2021","dhfr-ts","Ile164Leu",51.6666666666667
"455","Kasese","2022","dhfr-ts","Ile164Leu",29.5918367346939
"456","Kasese","2016-17","dhfr-ts","Ser108Asn",0
"457","Kasese","2018-19","dhfr-ts","Ser108Asn",100
"458","Kasese","2020","dhfr-ts","Ser108Asn",100
"459","Kasese","2021","dhfr-ts","Ser108Asn",100
"460","Kasese","2022","dhfr-ts","Ser108Asn",100
"461","Kasese","2016-17","dhps","Ala437Gly",0
"462","Kasese","2018-19","dhps","Ala437Gly",100
"463","Kasese","2020","dhps","Ala437Gly",98.6486486486486
"464","Kasese","2021","dhps","Ala437Gly",100
"465","Kasese","2022","dhps","Ala437Gly",96.1904761904762
"466","Kasese","2016-17","dhps","Ala581Gly",0
"467","Kasese","2018-19","dhps","Ala581Gly",56.0975609756098
"468","Kasese","2020","dhps","Ala581Gly",49.3150684931507
"469","Kasese","2021","dhps","Ala581Gly",42.6829268292683
"470","Kasese","2022","dhps","Ala581Gly",36.036036036036
"471","Kasese","2016-17","dhps","Lys540Glu",0
"472","Kasese","2018-19","dhps","Lys540Glu",97.0588235294118
"473","Kasese","2020","dhps","Lys540Glu",94.5205479452055
"474","Kasese","2021","dhps","Lys540Glu",100
"475","Kasese","2022","dhps","Lys540Glu",98.1818181818182
"476","Kasese","2016-17","dhps","Ser436Ala",0
"477","Kasese","2018-19","dhps","Ser436Ala",0
"478","Kasese","2020","dhps","Ser436Ala",0
"479","Kasese","2021","dhps","Ser436Ala",0
"480","Kasese","2022","dhps","Ser436Ala",0.970873786407767
"481","Katakwi","2016-17","dhfr-ts","Asn51Ile",0
"482","Katakwi","2018-19","dhfr-ts","Asn51Ile",100
"483","Katakwi","2020","dhfr-ts","Asn51Ile",100
"484","Katakwi","2021","dhfr-ts","Asn51Ile",98.3050847457627
"485","Katakwi","2022","dhfr-ts","Asn51Ile",98.7654320987654
"486","Katakwi","2016-17","dhfr-ts","Cys59Arg",0
"487","Katakwi","2018-19","dhfr-ts","Cys59Arg",98.3333333333333
"488","Katakwi","2020","dhfr-ts","Cys59Arg",96.1538461538462
"489","Katakwi","2021","dhfr-ts","Cys59Arg",98.3050847457627
"490","Katakwi","2022","dhfr-ts","Cys59Arg",95.0617283950617
"491","Katakwi","2016-17","dhfr-ts","Ile164Leu",0
"492","Katakwi","2018-19","dhfr-ts","Ile164Leu",1.69491525423729
"493","Katakwi","2020","dhfr-ts","Ile164Leu",0
"494","Katakwi","2021","dhfr-ts","Ile164Leu",8.69565217391304
"495","Katakwi","2022","dhfr-ts","Ile164Leu",6.06060606060606
"496","Katakwi","2016-17","dhfr-ts","Ser108Asn",0
"497","Katakwi","2018-19","dhfr-ts","Ser108Asn",100
"498","Katakwi","2020","dhfr-ts","Ser108Asn",100
"499","Katakwi","2021","dhfr-ts","Ser108Asn",98.1481481481482
"500","Katakwi","2022","dhfr-ts","Ser108Asn",98.6486486486486
"501","Katakwi","2016-17","dhps","Ala437Gly",0
"502","Katakwi","2018-19","dhps","Ala437Gly",98.0392156862745
"503","Katakwi","2020","dhps","Ala437Gly",89.7959183673469
"504","Katakwi","2021","dhps","Ala437Gly",96.3636363636364
"505","Katakwi","2022","dhps","Ala437Gly",93.4210526315789
"506","Katakwi","2016-17","dhps","Lys540Glu",0
"507","Katakwi","2018-19","dhps","Lys540Glu",98.1132075471698
"508","Katakwi","2020","dhps","Lys540Glu",92.5925925925926
"509","Katakwi","2021","dhps","Lys540Glu",95.1612903225807
"510","Katakwi","2022","dhps","Lys540Glu",95.0617283950617
"511","Katakwi","2016-17","dhps","Ser436Ala",0
"512","Katakwi","2018-19","dhps","Ser436Ala",1.96078431372549
"513","Katakwi","2020","dhps","Ser436Ala",0
"514","Katakwi","2021","dhps","Ser436Ala",0
"515","Katakwi","2022","dhps","Ser436Ala",0
"516","Katakwi","2016-17","dhps","Ala581Gly",0
"517","Katakwi","2018-19","dhps","Ala581Gly",0
"518","Katakwi","2020","dhps","Ala581Gly",0
"519","Katakwi","2021","dhps","Ala581Gly",1.5625
"520","Katakwi","2022","dhps","Ala581Gly",0
"521","Lamwo","2016-17","dhfr-ts","Asn51Ile",100
"522","Lamwo","2018-19","dhfr-ts","Asn51Ile",100
"523","Lamwo","2020","dhfr-ts","Asn51Ile",100
"524","Lamwo","2021","dhfr-ts","Asn51Ile",96.4912280701754
"525","Lamwo","2022","dhfr-ts","Asn51Ile",100
"526","Lamwo","2016-17","dhfr-ts","Cys59Arg",90.9090909090909
"527","Lamwo","2018-19","dhfr-ts","Cys59Arg",100
"528","Lamwo","2020","dhfr-ts","Cys59Arg",93.5483870967742
"529","Lamwo","2021","dhfr-ts","Cys59Arg",91.2280701754386
"530","Lamwo","2022","dhfr-ts","Cys59Arg",94.7368421052632
"531","Lamwo","2016-17","dhfr-ts","Ile164Leu",15.3846153846154
"532","Lamwo","2018-19","dhfr-ts","Ile164Leu",4.25531914893617
"533","Lamwo","2020","dhfr-ts","Ile164Leu",5.08474576271187
"534","Lamwo","2021","dhfr-ts","Ile164Leu",8.69565217391304
"535","Lamwo","2022","dhfr-ts","Ile164Leu",18.3673469387755
"536","Lamwo","2016-17","dhfr-ts","Ser108Asn",100
"537","Lamwo","2018-19","dhfr-ts","Ser108Asn",100
"538","Lamwo","2020","dhfr-ts","Ser108Asn",100
"539","Lamwo","2021","dhfr-ts","Ser108Asn",98.1132075471698
"540","Lamwo","2022","dhfr-ts","Ser108Asn",100
"541","Lamwo","2016-17","dhps","Ala437Gly",91.2280701754386
"542","Lamwo","2018-19","dhps","Ala437Gly",97.7272727272727
"543","Lamwo","2020","dhps","Ala437Gly",98.3333333333333
"544","Lamwo","2021","dhps","Ala437Gly",87.719298245614
"545","Lamwo","2022","dhps","Ala437Gly",96
"546","Lamwo","2016-17","dhps","Ala581Gly",6.55737704918033
"547","Lamwo","2018-19","dhps","Ala581Gly",4.16666666666667
"548","Lamwo","2020","dhps","Ala581Gly",4.91803278688525
"549","Lamwo","2021","dhps","Ala581Gly",3.27868852459016
"550","Lamwo","2022","dhps","Ala581Gly",0
"551","Lamwo","2016-17","dhps","Lys540Glu",92.8571428571429
"552","Lamwo","2018-19","dhps","Lys540Glu",95.4545454545455
"553","Lamwo","2020","dhps","Lys540Glu",98.4126984126984
"554","Lamwo","2021","dhps","Lys540Glu",89.4736842105263
"555","Lamwo","2022","dhps","Lys540Glu",91.3793103448276
"556","Lamwo","2016-17","dhps","Ser436Ala",1.92307692307692
"557","Lamwo","2018-19","dhps","Ser436Ala",2.27272727272727
"558","Lamwo","2020","dhps","Ser436Ala",0
"559","Lamwo","2021","dhps","Ser436Ala",0
"560","Lamwo","2022","dhps","Ser436Ala",0
"561","Mubende","2016-17","dhfr-ts","Asn51Ile",100
"562","Mubende","2018-19","dhfr-ts","Asn51Ile",100
"563","Mubende","2020","dhfr-ts","Asn51Ile",100
"564","Mubende","2021","dhfr-ts","Asn51Ile",100
"565","Mubende","2022","dhfr-ts","Asn51Ile",100
"566","Mubende","2016-17","dhfr-ts","Cys59Arg",95.0819672131148
"567","Mubende","2018-19","dhfr-ts","Cys59Arg",100
"568","Mubende","2020","dhfr-ts","Cys59Arg",100
"569","Mubende","2021","dhfr-ts","Cys59Arg",100
"570","Mubende","2022","dhfr-ts","Cys59Arg",98.936170212766
"571","Mubende","2016-17","dhfr-ts","Ile164Leu",43.859649122807
"572","Mubende","2018-19","dhfr-ts","Ile164Leu",36.8421052631579
"573","Mubende","2020","dhfr-ts","Ile164Leu",47.8260869565217
"574","Mubende","2021","dhfr-ts","Ile164Leu",69.2307692307692
"575","Mubende","2022","dhfr-ts","Ile164Leu",53.0864197530864
"576","Mubende","2016-17","dhfr-ts","Ser108Asn",100
"577","Mubende","2018-19","dhfr-ts","Ser108Asn",100
"578","Mubende","2020","dhfr-ts","Ser108Asn",100
"579","Mubende","2021","dhfr-ts","Ser108Asn",100
"580","Mubende","2022","dhfr-ts","Ser108Asn",100
"581","Mubende","2016-17","dhps","Ala437Gly",100
"582","Mubende","2018-19","dhps","Ala437Gly",100
"583","Mubende","2020","dhps","Ala437Gly",100
"584","Mubende","2021","dhps","Ala437Gly",100
"585","Mubende","2022","dhps","Ala437Gly",98.9130434782609
"586","Mubende","2016-17","dhps","Ala581Gly",34.375
"587","Mubende","2018-19","dhps","Ala581Gly",29.8245614035088
"588","Mubende","2020","dhps","Ala581Gly",43.75
"589","Mubende","2021","dhps","Ala581Gly",38.0952380952381
"590","Mubende","2022","dhps","Ala581Gly",49
"591","Mubende","2016-17","dhps","Lys540Glu",100
"592","Mubende","2018-19","dhps","Lys540Glu",100
"593","Mubende","2020","dhps","Lys540Glu",100
"594","Mubende","2021","dhps","Lys540Glu",100
"595","Mubende","2022","dhps","Lys540Glu",98.9473684210526
"596","Mubende","2016-17","dhps","Ser436Ala",1.66666666666667
"597","Mubende","2018-19","dhps","Ser436Ala",0
"598","Mubende","2020","dhps","Ser436Ala",0
"599","Mubende","2021","dhps","Ser436Ala",0
"600","Mubende","2022","dhps","Ser436Ala",0
"601","Tororo","2016-17","dhfr-ts","Asn51Ile",100
"602","Tororo","2018-19","dhfr-ts","Asn51Ile",100
"603","Tororo","2020","dhfr-ts","Asn51Ile",100
"604","Tororo","2021","dhfr-ts","Asn51Ile",100
"605","Tororo","2022","dhfr-ts","Asn51Ile",100
"606","Tororo","2016-17","dhfr-ts","Cys59Arg",95.5223880597015
"607","Tororo","2018-19","dhfr-ts","Cys59Arg",98.2456140350877
"608","Tororo","2020","dhfr-ts","Cys59Arg",100
"609","Tororo","2021","dhfr-ts","Cys59Arg",97.2222222222222
"610","Tororo","2022","dhfr-ts","Cys59Arg",100
"611","Tororo","2016-17","dhfr-ts","Ile164Leu",6.77966101694915
"612","Tororo","2018-19","dhfr-ts","Ile164Leu",10.7142857142857
"613","Tororo","2020","dhfr-ts","Ile164Leu",17.2413793103448
"614","Tororo","2021","dhfr-ts","Ile164Leu",9.375
"615","Tororo","2022","dhfr-ts","Ile164Leu",17.0212765957447
"616","Tororo","2016-17","dhfr-ts","Ser108Asn",100
"617","Tororo","2018-19","dhfr-ts","Ser108Asn",100
"618","Tororo","2020","dhfr-ts","Ser108Asn",100
"619","Tororo","2021","dhfr-ts","Ser108Asn",100
"620","Tororo","2022","dhfr-ts","Ser108Asn",100
"621","Tororo","2016-17","dhps","Ala437Gly",100
"622","Tororo","2018-19","dhps","Ala437Gly",100
"623","Tororo","2020","dhps","Ala437Gly",100
"624","Tororo","2021","dhps","Ala437Gly",100
"625","Tororo","2022","dhps","Ala437Gly",100
"626","Tororo","2016-17","dhps","Ala581Gly",5.71428571428571
"627","Tororo","2018-19","dhps","Ala581Gly",3.44827586206897
"628","Tororo","2020","dhps","Ala581Gly",3.03030303030303
"629","Tororo","2021","dhps","Ala581Gly",1.2987012987013
"630","Tororo","2022","dhps","Ala581Gly",6.25
"631","Tororo","2016-17","dhps","Lys540Glu",100
"632","Tororo","2018-19","dhps","Lys540Glu",100
"633","Tororo","2020","dhps","Lys540Glu",100
"634","Tororo","2021","dhps","Lys540Glu",100
"635","Tororo","2022","dhps","Lys540Glu",100
"636","Tororo","2016-17","dhps","Ser436Ala",1.40845070422535
"637","Tororo","2018-19","dhps","Ser436Ala",0
"638","Tororo","2020","dhps","Ser436Ala",0
"639","Tororo","2021","dhps","Ser436Ala",0
"640","Tororo","2022","dhps","Ser436Ala",1.96078431372549
"641","Tororo","2016-17","dhps","Ser436His",6.06060606060606
"642","Tororo","2018-19","dhps","Ser436His",0
"643","Tororo","2020","dhps","Ser436His",3.2258064516129
"644","Tororo","2021","dhps","Ser436His",1.35135135135135
"645","Tororo","2022","dhps","Ser436His",7.69230769230769
