"","id","total_rd","Alt1","ALT","gene","genotype"
"1","MU-00-07",22,15,0.681818181818182,"PfDHFR 164L","Mixed"
"2","MU-00-22",30,30,1,"PfDHFR 164L","Mutant"
"3","MU-00-31",105,28,0.266666666666667,"PfDHFR 164L","Mixed"
"4","KB-00-10",20,14,0.7,"PfDHFR 164L","Mixed"
"5","KB-00-11",46,46,1,"PfDHFR 164L","Mutant"
"6","KB-00-31",16,10,0.625,"PfDHFR 164L","Mixed"
"7","MU-00-18",26,24,0.923076923076923,"PfDHFR 164L","Mutant"
"8","KB-00-05",35,17,0.485714285714286,"PfDHFR 164L","Mixed"
"9","KB-00-47",25,25,1,"PfDHFR 164L","Mutant"
"10","KN-00-07",10,10,1,"PfDHFR 164L","Mutant"
"11","TO-02-15",48,11,0.229166666666667,"PfDHFR 164L","Mixed"
"12","KN-02-11",33,19,0.575757575757576,"PfDHFR 164L","Mixed"
"13","MU-02-26",22,22,1,"PfDHFR 164L","Mutant"
"14","MU-02-32",142,28,0.197183098591549,"PfDHFR 164L","Mixed"
"15","LA-02-34",16,12,0.75,"PfDHFR 164L","Mutant"
"16","MU-02-50",53,53,1,"PfDHFR 164L","Mutant"
"17","KN-02-23",76,16,0.210526315789474,"PfDHFR 164L","Mixed"
"18","KN-02-33",59,59,1,"PfDHFR 164L","Mutant"
"19","LA-02-40",86,40,0.465116279069767,"PfDHFR 164L","Mixed"
"20","MU-02-30",144,86,0.597222222222222,"PfDHFR 164L","Mixed"
"21","MU-02-24",20,13,0.65,"PfDHFR 164L","Mixed"
"22","KN-02-16",69,5,0.072463768115942,"PfDHFR 164L","Mixed"
"23","LA-02-13",30,27,0.9,"PfDHFR 164L","Mutant"
"24","MU-02-22",13,13,1,"PfDHFR 164L","Mutant"
"25","KN-02-30",47,42,0.893617021276596,"PfDHFR 164L","Mixed"
"26","MU-02-41",60,8,0.133333333333333,"PfDHFR 164L","Mixed"
"27","AR-02-02",13,13,1,"PfDHFR 164L","Mutant"
"28","MU-02-48",27,19,0.703703703703704,"PfDHFR 164L","Mixed"
"29","TO-02-12",41,41,1,"PfDHFR 164L","Mutant"
"30","MU-02-19",66,66,1,"PfDHFR 164L","Mutant"
"31","LA-02-07",81,5,0.0617283950617284,"PfDHFR 164L","Mixed"
"32","JI-02-17",126,39,0.30952380952381,"PfDHFR 164L","Mixed"
"33","AM-02-04",47,32,0.680851063829787,"PfDHFR 164L","Mixed"
"34","LA-02-36",66,66,1,"PfDHFR 164L","Mutant"
"35","LA-03-06",276,250,0.905797101449275,"PfDHFR 164L","Mixed"
"36","HO-03-41",95,86,0.905263157894737,"PfDHFR 164L","Mixed"
"37","KN-03-36",300,300,1,"PfDHFR 164L","Mutant"
"38","KN-03-03",371,371,1,"PfDHFR 164L","Mutant"
"39","KN-03-50",209,184,0.880382775119617,"PfDHFR 164L","Mixed"
"40","KS-03-22",12,12,1,"PfDHFR 164L","Mutant"
"41","MU-03-30",26,5,0.192307692307692,"PfDHFR 164L","Mixed"
"42","KN-03-37",251,251,1,"PfDHFR 164L","Mutant"
"43","KN-03-04",84,84,1,"PfDHFR 164L","Mutant"
"44","KN-03-48",55,53,0.963636363636364,"PfDHFR 164L","Mutant"
"45","HO-03-21",71,41,0.577464788732394,"PfDHFR 164L","Mixed"
"46","HO-03-40",197,30,0.152284263959391,"PfDHFR 164L","Mixed"
"47","KN-03-09",12,10,0.833333333333333,"PfDHFR 164L","Mutant"
"48","KS-03-21",388,388,1,"PfDHFR 164L","Mutant"
"49","KN-04-40",208,208,1,"PfDHFR 164L","Mutant"
"50","KN-04-37",13,13,1,"PfDHFR 164L","Mutant"
"51","KB-04-04",360,8,0.0222222222222222,"PfDHFR 164L","Mixed"
"52","MU-04-10",18,7,0.388888888888889,"PfDHFR 164L","Mixed"
"53","KN-04-48",206,206,1,"PfDHFR 164L","Mutant"
"54","LA-04-33",995,121,0.121608040201005,"PfDHFR 164L","Mixed"
"55","KS-04-43",53,53,1,"PfDHFR 164L","Mutant"
"56","MU-04-09",9,9,1,"PfDHFR 164L","Mutant"
"57","JI-05-35",17,17,1,"PfDHFR 164L","Mutant"
"58","HO-05-36",121,41,0.338842975206612,"PfDHFR 164L","Mixed"
"59","MU-05-98",72,72,1,"PfDHFR 164L","Mutant"
"60","JI-05-64",21,21,1,"PfDHFR 164L","Mutant"
"61","JI-05-57",13,13,1,"PfDHFR 164L","Mutant"
"62","JI-05-25",30,30,1,"PfDHFR 164L","Mutant"
"63","HO-05-41",28,5,0.178571428571429,"PfDHFR 164L","Mixed"
"64","JI-05-37",14,14,1,"PfDHFR 164L","Mutant"
"65","JI-05-55",18,18,1,"PfDHFR 164L","Mutant"
"66","JI-05-51",9,9,1,"PfDHFR 164L","Mutant"
"67","KS-05-14",95,30,0.315789473684211,"PfDHFR 164L","Mixed"
"68","JI-05-60",33,33,1,"PfDHFR 164L","Mutant"
"69","KN-05-71",101,101,1,"PfDHFR 164L","Mutant"
"70","JI-05-40",22,22,1,"PfDHFR 164L","Mutant"
"71","KO-05-16",46,19,0.41304347826087,"PfDHFR 164L","Mixed"
"72","JI-05-46",9,9,1,"PfDHFR 164L","Mutant"
"73","KN-05-29",31,31,1,"PfDHFR 164L","Mutant"
"74","HO-05-06",53,53,1,"PfDHFR 164L","Mutant"
"75","KN-05-56",28,28,1,"PfDHFR 164L","Mutant"
"76","HO-05-40",20,11,0.55,"PfDHFR 164L","Mixed"
"77","JI-05-34",19,19,1,"PfDHFR 164L","Mutant"
"78","JI-05-56",11,11,1,"PfDHFR 164L","Mutant"
"79","JI-05-49",14,14,1,"PfDHFR 164L","Mutant"
"80","JI-05-47",12,12,1,"PfDHFR 164L","Mutant"
"81","KB-05-42",35,35,1,"PfDHFR 164L","Mutant"
"82","JI-05-38",28,28,1,"PfDHFR 164L","Mutant"
"83","KN-05-84",33,33,1,"PfDHFR 164L","Mutant"
"84","KB-05-01",125,125,1,"PfDHFR 164L","Mutant"
"85","JI-05-65",25,25,1,"PfDHFR 164L","Mutant"
"86","KN-05-52",45,45,1,"PfDHFR 164L","Mutant"
"87","KS-05-69",147,147,1,"PfDHFR 164L","Mutant"
"88","KB-05-37",55,55,1,"PfDHFR 164L","Mutant"
"89","TO-05-06",97,97,1,"PfDHFR 164L","Mutant"
"90","JI-05-58",18,18,1,"PfDHFR 164L","Mutant"
"91","JI-05-26",26,26,1,"PfDHFR 164L","Mutant"
"92","JI-05-36",28,28,1,"PfDHFR 164L","Mutant"
"93","KB-05-03",57,57,1,"PfDHFR 164L","Mutant"
"94","JI-05-59",20,20,1,"PfDHFR 164L","Mutant"
"95","JI-05-50",17,17,1,"PfDHFR 164L","Mutant"
"96","JI-05-27",26,26,1,"PfDHFR 164L","Mutant"
"97","KN-05-30",107,107,1,"PfDHFR 164L","Mutant"
"98","KN-05-92",22,22,1,"PfDHFR 164L","Mutant"
"99","KN-05-69",89,64,0.719101123595506,"PfDHFR 164L","Mixed"
"100","MU-05-97",79,79,1,"PfDHFR 164L","Mutant"
"101","KN-05-43",18,18,1,"PfDHFR 164L","Mutant"
"102","KB-05-41",21,21,1,"PfDHFR 164L","Mutant"
"103","JI-05-54",27,27,1,"PfDHFR 164L","Mutant"
"104","HO-05-01",34,34,1,"PfDHFR 164L","Mutant"
"105","KN-05-25",101,101,1,"PfDHFR 164L","Mutant"
"106","HO-05-42",64,25,0.390625,"PfDHFR 164L","Mixed"
"107","JI-05-24",20,20,1,"PfDHFR 164L","Mutant"
"108","KS-05-48",100,99,0.99,"PfDHFR 164L","Mutant"
"109","JI-05-31",20,20,1,"PfDHFR 164L","Mutant"
"110","MU-05-88",16,8,0.5,"PfDHFR 164L","Mixed"
"111","JI-05-41",21,21,1,"PfDHFR 164L","Mutant"
"112","JI-05-43",12,12,1,"PfDHFR 164L","Mutant"
"113","JI-05-42",9,9,1,"PfDHFR 164L","Mutant"
"114","JI-05-30",31,31,1,"PfDHFR 164L","Mutant"
"115","KB-05-35",24,19,0.791666666666667,"PfDHFR 164L","Mixed"
"116","JI-05-97",10,10,1,"PfDHFR 164L","Mutant"
"117","KS-05-73",29,29,1,"PfDHFR 164L","Mutant"
"118","JI-05-22",10,10,1,"PfDHFR 164L","Mutant"
"119","KB-05-29",20,20,1,"PfDHFR 164L","Mutant"
"120","JI-05-29",26,26,1,"PfDHFR 164L","Mutant"
"121","JI-05-63",22,22,1,"PfDHFR 164L","Mutant"
"122","JI-05-45",14,14,1,"PfDHFR 164L","Mutant"
"123","JI-05-28",28,28,1,"PfDHFR 164L","Mutant"
"124","KS-05-33",56,56,1,"PfDHFR 164L","Mutant"
"125","KN-05-08",69,69,1,"PfDHFR 164L","Mutant"
"126","JI-05-33",20,20,1,"PfDHFR 164L","Mutant"
"127","KS-05-47",18,14,0.777777777777778,"PfDHFR 164L","Mutant"
"128","KB-06-11",37,13,0.351351351351351,"PfDHFR 164L","Mixed"
"129","AR-06-42",13,9,0.692307692307692,"PfDHFR 164L","Mutant"
"130","KB-06-47",47,47,1,"PfDHFR 164L","Mutant"
"131","KB-06-74",37,37,1,"PfDHFR 164L","Mutant"
"132","KB-06-16",43,12,0.27906976744186,"PfDHFR 164L","Mixed"
"133","KB-06-43",61,61,1,"PfDHFR 164L","Mutant"
"134","KB-06-68",56,56,1,"PfDHFR 164L","Mutant"
"135","KB-06-82",18,18,1,"PfDHFR 164L","Mutant"
"136","KS-06-45",13,10,0.769230769230769,"PfDHFR 164L","Mutant"
"137","KB-06-79",20,20,1,"PfDHFR 164L","Mutant"
"138","HO-06-27",31,18,0.580645161290323,"PfDHFR 164L","Mixed"
"139","KS-06-26",20,17,0.85,"PfDHFR 164L","Mutant"
"140","KB-06-37",10,10,1,"PfDHFR 164L","Mutant"
"141","HO-06-26",14,9,0.642857142857143,"PfDHFR 164L","Mixed"
"142","KB-06-32",19,19,1,"PfDHFR 164L","Mutant"
"143","KB-06-24",13,13,1,"PfDHFR 164L","Mutant"
"144","KB-06-27",31,31,1,"PfDHFR 164L","Mutant"
"145","KB-06-93",13,13,1,"PfDHFR 164L","Mutant"
"146","KS-06-44",48,48,1,"PfDHFR 164L","Mutant"
"147","KB-06-10",35,14,0.4,"PfDHFR 164L","Mixed"
"148","KS-06-17",9,9,1,"PfDHFR 164L","Mutant"
"149","KB-06-02",33,33,1,"PfDHFR 164L","Mutant"
"150","KB-06-88",11,11,1,"PfDHFR 164L","Mutant"
"151","KS-06-35",23,23,1,"PfDHFR 164L","Mutant"
"152","MU-06-56",16,16,1,"PfDHFR 164L","Mutant"
"153","KN-06-12",131,131,1,"PfDHFR 164L","Mutant"
"154","KS-06-22",12,12,1,"PfDHFR 164L","Mutant"
"155","KB-06-95",22,22,1,"PfDHFR 164L","Mutant"
"156","KB-06-20",32,32,1,"PfDHFR 164L","Mutant"
"157","AR-06-66",63,38,0.603174603174603,"PfDHFR 164L","Mixed"
"158","AR-06-21",138,136,0.985507246376812,"PfDHFR 164L","Mutant"
"159","KB-06-96",18,18,1,"PfDHFR 164L","Mutant"
"160","KB-06-90",67,34,0.507462686567164,"PfDHFR 164L","Mixed"
"161","KB-06-41",15,15,1,"PfDHFR 164L","Mutant"
"162","KB-06-05",21,21,1,"PfDHFR 164L","Mutant"
"163","MU-06-12",30,30,1,"PfDHFR 164L","Mutant"
"164","KB-06-29",37,37,1,"PfDHFR 164L","Mutant"
"165","AR-06-83",24,8,0.333333333333333,"PfDHFR 164L","Mixed"
"166","KB-06-14",39,39,1,"PfDHFR 164L","Mutant"
"167","KB-06-85",74,47,0.635135135135135,"PfDHFR 164L","Mixed"
"168","KB-06-40",22,8,0.363636363636364,"PfDHFR 164L","Mixed"
"169","KS-06-32",17,17,1,"PfDHFR 164L","Mutant"
"170","KS-06-87",83,69,0.831325301204819,"PfDHFR 164L","Mixed"
"171","KS-06-98",9,7,0.777777777777778,"PfDHFR 164L","Mutant"
"172","KB-06-99",51,51,1,"PfDHFR 164L","Mutant"
"173","KB-06-31",14,14,1,"PfDHFR 164L","Mutant"
"174","KB-06-87",21,6,0.285714285714286,"PfDHFR 164L","Mixed"
"175","KB-06-56",14,14,1,"PfDHFR 164L","Mutant"
"176","KN-06-83",36,36,1,"PfDHFR 164L","Mutant"
"177","KB-06-30",37,37,1,"PfDHFR 164L","Mutant"
"178","KB-06-81",23,23,1,"PfDHFR 164L","Mutant"
"179","KB-07-32",22,22,1,"PfDHFR 164L","Mutant"
"180","KB-07-68",86,86,1,"PfDHFR 164L","Mutant"
"181","KS-07-72",10,8,0.8,"PfDHFR 164L","Mutant"
"182","KB-07-86",9,9,1,"PfDHFR 164L","Mutant"
"183","KB-07-29",59,59,1,"PfDHFR 164L","Mutant"
"184","KB-07-37",162,70,0.432098765432099,"PfDHFR 164L","Mixed"
"185","KB-07-46",38,37,0.973684210526316,"PfDHFR 164L","Mutant"
"186","KN-07-23",36,36,1,"PfDHFR 164L","Mutant"
"187","KB-07-09",64,64,1,"PfDHFR 164L","Mutant"
"188","MU-07-29",29,11,0.379310344827586,"PfDHFR 164L","Mixed"
"189","KB-07-85",34,34,1,"PfDHFR 164L","Mutant"
"190","KS-07-12",24,9,0.375,"PfDHFR 164L","Mixed"
"191","KB-07-05",105,73,0.695238095238095,"PfDHFR 164L","Mixed"
"192","KB-07-13",87,87,1,"PfDHFR 164L","Mutant"
"193","KB-07-01",136,136,1,"PfDHFR 164L","Mutant"
"194","KB-07-71",21,18,0.857142857142857,"PfDHFR 164L","Mutant"
"195","KN-07-24",20,20,1,"PfDHFR 164L","Mutant"
"196","KB-07-43",68,42,0.617647058823529,"PfDHFR 164L","Mixed"
"197","KN-07-27",14,14,1,"PfDHFR 164L","Mutant"
"198","KB-07-06",63,63,1,"PfDHFR 164L","Mutant"
"199","MU-07-52",20,12,0.6,"PfDHFR 164L","Mixed"
"200","KB-07-54",42,40,0.952380952380952,"PfDHFR 164L","Mutant"
"201","KB-07-90",15,7,0.466666666666667,"PfDHFR 164L","Mixed"
"202","AG-07-75",65,65,1,"PfDHFR 164L","Mutant"
"203","KN-07-22",10,10,1,"PfDHFR 164L","Mutant"
"204","KB-07-03",26,22,0.846153846153846,"PfDHFR 164L","Mutant"
"205","KB-07-21",43,43,1,"PfDHFR 164L","Mutant"
"206","MU-07-42",39,23,0.58974358974359,"PfDHFR 164L","Mixed"
"207","KB-07-89",13,13,1,"PfDHFR 164L","Mutant"
"208","KN-07-17",9,9,1,"PfDHFR 164L","Mutant"
"209","KN-07-21",12,12,1,"PfDHFR 164L","Mutant"
"210","MU-07-46",9,5,0.555555555555556,"PfDHFR 164L","Mutant"
"211","MU-07-53",21,10,0.476190476190476,"PfDHFR 164L","Mixed"
"212","KB-07-78",14,14,1,"PfDHFR 164L","Mutant"
"213","KB-07-65",148,148,1,"PfDHFR 164L","Mutant"
"214","KB-07-08",134,32,0.238805970149254,"PfDHFR 164L","Mixed"
"215","KB-07-49",58,58,1,"PfDHFR 164L","Mutant"
"216","KB-07-07",69,7,0.101449275362319,"PfDHFR 164L","Mixed"
"217","KN-07-19",18,18,1,"PfDHFR 164L","Mutant"
"218","KS-07-95",34,34,1,"PfDHFR 164L","Mutant"
"219","KS-07-74",17,11,0.647058823529412,"PfDHFR 164L","Mixed"
"220","KB-07-23",131,131,1,"PfDHFR 164L","Mutant"
"221","KB-07-38",88,88,1,"PfDHFR 164L","Mutant"
"222","TO-07-98",23,23,1,"PfDHFR 164L","Mutant"
"223","MU-07-60",51,27,0.529411764705882,"PfDHFR 164L","Mixed"
"224","KB-07-48",46,46,1,"PfDHFR 164L","Mutant"
"225","KB-07-66",31,31,1,"PfDHFR 164L","Mutant"
"226","KB-07-51",20,16,0.8,"PfDHFR 164L","Mutant"
"227","KB-07-17",38,5,0.131578947368421,"PfDHFR 164L","Mixed"
"228","KB-07-55",48,22,0.458333333333333,"PfDHFR 164L","Mixed"
"229","KB-07-12",29,29,1,"PfDHFR 164L","Mutant"
"230","TO-00-44",39,12,0.307692307692308,"PfDHPS 581G","Mixed"
"231","KB-00-23",117,117,1,"PfDHPS 581G","Mutant"
"232","KN-00-32",57,57,1,"PfDHPS 581G","Mutant"
"233","KN-00-24",34,34,1,"PfDHPS 581G","Mutant"
"234","AR-00-22",82,15,0.182926829268293,"PfDHPS 581G","Mixed"
"235","KN-00-18",24,24,1,"PfDHPS 581G","Mutant"
"236","KB-00-19",12,12,1,"PfDHPS 581G","Mutant"
"237","KB-00-22",155,155,1,"PfDHPS 581G","Mutant"
"238","KN-00-48",21,21,1,"PfDHPS 581G","Mutant"
"239","KB-00-03",26,24,0.923076923076923,"PfDHPS 581G","Mutant"
"240","KB-00-37",88,78,0.886363636363636,"PfDHPS 581G","Mixed"
"241","MU-00-46",44,44,1,"PfDHPS 581G","Mutant"
"242","AR-00-39",32,22,0.6875,"PfDHPS 581G","Mixed"
"243","TO-00-08",73,73,1,"PfDHPS 581G","Mutant"
"244","KB-00-15",74,74,1,"PfDHPS 581G","Mutant"
"245","KN-00-02",25,11,0.44,"PfDHPS 581G","Mixed"
"246","KN-00-25",64,64,1,"PfDHPS 581G","Mutant"
"247","MU-00-30",31,31,1,"PfDHPS 581G","Mutant"
"248","KB-00-09",51,8,0.156862745098039,"PfDHPS 581G","Mixed"
"249","KN-00-05",68,68,1,"PfDHPS 581G","Mutant"
"250","KN-00-17",69,6,0.0869565217391304,"PfDHPS 581G","Mixed"
"251","KB-00-40",58,58,1,"PfDHPS 581G","Mutant"
"252","AG-00-05",64,64,1,"PfDHPS 581G","Mutant"
"253","MU-00-23",62,62,1,"PfDHPS 581G","Mutant"
"254","KB-00-24",118,118,1,"PfDHPS 581G","Mutant"
"255","MU-00-05",13,8,0.615384615384615,"PfDHPS 581G","Mixed"
"256","MU-00-19",290,290,1,"PfDHPS 581G","Mutant"
"257","KN-00-06",24,22,0.916666666666667,"PfDHPS 581G","Mutant"
"258","MU-00-02",26,5,0.192307692307692,"PfDHPS 581G","Mixed"
"259","KB-00-43",24,24,1,"PfDHPS 581G","Mutant"
"260","KB-00-18",52,52,1,"PfDHPS 581G","Mutant"
"261","MU-00-10",98,98,1,"PfDHPS 581G","Mutant"
"262","KB-00-27",23,23,1,"PfDHPS 581G","Mutant"
"263","KB-00-10",61,37,0.60655737704918,"PfDHPS 581G","Mixed"
"264","KB-00-36",80,80,1,"PfDHPS 581G","Mutant"
"265","KB-00-11",302,302,1,"PfDHPS 581G","Mutant"
"266","KB-00-06",58,58,1,"PfDHPS 581G","Mutant"
"267","AR-00-19",218,109,0.5,"PfDHPS 581G","Mixed"
"268","KB-00-31",50,50,1,"PfDHPS 581G","Mutant"
"269","KN-00-39",12,12,1,"PfDHPS 581G","Mutant"
"270","KB-00-25",170,110,0.647058823529412,"PfDHPS 581G","Mixed"
"271","KN-00-23",114,114,1,"PfDHPS 581G","Mutant"
"272","MU-00-24",29,29,1,"PfDHPS 581G","Mutant"
"273","KB-00-35",79,79,1,"PfDHPS 581G","Mutant"
"274","KN-00-42",32,29,0.90625,"PfDHPS 581G","Mutant"
"275","MU-00-13",12,5,0.416666666666667,"PfDHPS 581G","Mixed"
"276","KB-00-07",535,535,1,"PfDHPS 581G","Mutant"
"277","AR-00-07",13,11,0.846153846153846,"PfDHPS 581G","Mutant"
"278","KB-00-08",429,429,1,"PfDHPS 581G","Mutant"
"279","AR-00-03",62,32,0.516129032258065,"PfDHPS 581G","Mixed"
"280","KB-00-13",62,30,0.483870967741935,"PfDHPS 581G","Mixed"
"281","JI-00-17",65,32,0.492307692307692,"PfDHPS 581G","Mixed"
"282","KB-00-50",36,36,1,"PfDHPS 581G","Mutant"
"283","KN-00-38",38,38,1,"PfDHPS 581G","Mutant"
"284","KN-00-43",10,8,0.8,"PfDHPS 581G","Mutant"
"285","KN-00-35",75,49,0.653333333333333,"PfDHPS 581G","Mixed"
"286","KB-00-20",29,29,1,"PfDHPS 581G","Mutant"
"287","KN-00-47",58,58,1,"PfDHPS 581G","Mutant"
"288","KB-00-16",12,12,1,"PfDHPS 581G","Mutant"
"289","KB-00-49",103,35,0.339805825242718,"PfDHPS 581G","Mixed"
"290","KN-00-01",25,25,1,"PfDHPS 581G","Mutant"
"291","KN-00-11",84,84,1,"PfDHPS 581G","Mutant"
"292","LA-00-44",78,78,1,"PfDHPS 581G","Mutant"
"293","KN-00-36",24,24,1,"PfDHPS 581G","Mutant"
"294","KN-00-26",28,6,0.214285714285714,"PfDHPS 581G","Mixed"
"295","KN-00-09",99,99,1,"PfDHPS 581G","Mutant"
"296","KN-00-03",19,8,0.421052631578947,"PfDHPS 581G","Mixed"
"297","KB-00-32",16,16,1,"PfDHPS 581G","Mutant"
"298","KN-00-13",10,10,1,"PfDHPS 581G","Mutant"
"299","KB-00-12",65,65,1,"PfDHPS 581G","Mutant"
"300","KN-00-20",54,54,1,"PfDHPS 581G","Mutant"
"301","KN-00-45",181,181,1,"PfDHPS 581G","Mutant"
"302","KN-00-49",22,22,1,"PfDHPS 581G","Mutant"
"303","MU-00-25",14,12,0.857142857142857,"PfDHPS 581G","Mutant"
"304","KN-00-07",26,26,1,"PfDHPS 581G","Mutant"
"305","KB-00-28",169,169,1,"PfDHPS 581G","Mutant"
"306","KB-00-04",185,180,0.972972972972973,"PfDHPS 581G","Mixed"
"307","KN-02-20",37,8,0.216216216216216,"PfDHPS 581G","Mixed"
"308","MU-02-44",300,168,0.56,"PfDHPS 581G","Mixed"
"309","KN-02-14",227,227,1,"PfDHPS 581G","Mutant"
"310","KN-02-11",35,30,0.857142857142857,"PfDHPS 581G","Mixed"
"311","KN-02-44",135,20,0.148148148148148,"PfDHPS 581G","Mixed"
"312","MU-02-28",728,728,1,"PfDHPS 581G","Mutant"
"313","KN-02-22",325,289,0.889230769230769,"PfDHPS 581G","Mixed"
"314","MU-02-25",263,38,0.144486692015209,"PfDHPS 581G","Mixed"
"315","AM-02-17",11,11,1,"PfDHPS 581G","Mutant"
"316","MU-02-49",184,10,0.0543478260869565,"PfDHPS 581G","Mixed"
"317","AG-02-15",57,57,1,"PfDHPS 581G","Mutant"
"318","AR-02-39",13,6,0.461538461538462,"PfDHPS 581G","Mixed"
"319","KN-02-40",13,5,0.384615384615385,"PfDHPS 581G","Mixed"
"320","MU-02-16",236,236,1,"PfDHPS 581G","Mutant"
"321","KN-02-19",660,660,1,"PfDHPS 581G","Mutant"
"322","KN-02-04",50,7,0.14,"PfDHPS 581G","Mixed"
"323","KN-02-23",297,169,0.569023569023569,"PfDHPS 581G","Mixed"
"324","KN-02-43",251,33,0.131474103585657,"PfDHPS 581G","Mixed"
"325","JI-02-13",197,64,0.3248730964467,"PfDHPS 581G","Mixed"
"326","AG-02-27",364,75,0.206043956043956,"PfDHPS 581G","Mixed"
"327","MU-02-15",483,125,0.25879917184265,"PfDHPS 581G","Mixed"
"328","LA-02-40",405,27,0.0666666666666667,"PfDHPS 581G","Mixed"
"329","AM-02-43",102,19,0.186274509803922,"PfDHPS 581G","Mixed"
"330","MU-02-03",639,479,0.749608763693271,"PfDHPS 581G","Mixed"
"331","KN-02-03",489,6,0.0122699386503067,"PfDHPS 581G","Mixed"
"332","AM-02-40",53,42,0.792452830188679,"PfDHPS 581G","Mixed"
"333","KN-02-39",91,78,0.857142857142857,"PfDHPS 581G","Mixed"
"334","KN-02-34",162,162,1,"PfDHPS 581G","Mutant"
"335","KN-02-16",223,83,0.37219730941704,"PfDHPS 581G","Mixed"
"336","KN-02-50",22,8,0.363636363636364,"PfDHPS 581G","Mixed"
"337","KN-02-47",75,46,0.613333333333333,"PfDHPS 581G","Mixed"
"338","KN-02-25",31,12,0.387096774193548,"PfDHPS 581G","Mixed"
"339","AG-02-50",42,13,0.30952380952381,"PfDHPS 581G","Mixed"
"340","TO-02-48",293,29,0.0989761092150171,"PfDHPS 581G","Mixed"
"341","KN-02-30",105,105,1,"PfDHPS 581G","Mutant"
"342","AR-02-02",32,24,0.75,"PfDHPS 581G","Mixed"
"343","KN-02-31",98,90,0.918367346938776,"PfDHPS 581G","Mixed"
"344","AR-02-19",39,7,0.179487179487179,"PfDHPS 581G","Mixed"
"345","MU-02-29",578,545,0.942906574394464,"PfDHPS 581G","Mixed"
"346","LA-02-37",27,14,0.518518518518518,"PfDHPS 581G","Mixed"
"347","MU-02-48",88,61,0.693181818181818,"PfDHPS 581G","Mixed"
"348","KO-02-11",39,17,0.435897435897436,"PfDHPS 581G","Mixed"
"349","AR-02-28",38,23,0.605263157894737,"PfDHPS 581G","Mixed"
"350","MU-02-19",159,159,1,"PfDHPS 581G","Mutant"
"351","JI-02-17",604,14,0.0231788079470199,"PfDHPS 581G","Mixed"
"352","LA-02-10",48,14,0.291666666666667,"PfDHPS 581G","Mixed"
"353","TO-02-10",93,9,0.0967741935483871,"PfDHPS 581G","Mixed"
"354","KN-02-21",324,189,0.583333333333333,"PfDHPS 581G","Mixed"
"355","AM-02-04",136,100,0.735294117647059,"PfDHPS 581G","Mixed"
"356","AM-02-18",39,39,1,"PfDHPS 581G","Mutant"
"357","MU-02-05",102,67,0.656862745098039,"PfDHPS 581G","Mixed"
"358","JI-02-30",247,5,0.0202429149797571,"PfDHPS 581G","Mixed"
"359","JI-02-32",31,31,1,"PfDHPS 581G","Mutant"
"360","KO-02-12",52,46,0.884615384615385,"PfDHPS 581G","Mixed"
"361","MU-03-29",130,54,0.415384615384615,"PfDHPS 581G","Mixed"
"362","KN-03-31",390,390,1,"PfDHPS 581G","Mutant"
"363","HO-03-31",455,455,1,"PfDHPS 581G","Mutant"
"364","KS-03-17",18,18,1,"PfDHPS 581G","Mutant"
"365","JI-03-38",254,198,0.779527559055118,"PfDHPS 581G","Mixed"
"366","MU-03-04",24,24,1,"PfDHPS 581G","Mutant"
"367","MU-03-22",228,111,0.486842105263158,"PfDHPS 581G","Mixed"
"368","TO-03-41",66,9,0.136363636363636,"PfDHPS 581G","Mixed"
"369","HO-03-28",856,258,0.301401869158879,"PfDHPS 581G","Mixed"
"370","HO-03-41",73,5,0.0684931506849315,"PfDHPS 581G","Mixed"
"371","KN-03-50",231,231,1,"PfDHPS 581G","Mutant"
"372","KS-03-22",15,15,1,"PfDHPS 581G","Mutant"
"373","MU-03-23",212,95,0.44811320754717,"PfDHPS 581G","Mixed"
"374","KS-03-06",383,150,0.391644908616188,"PfDHPS 581G","Mixed"
"375","KS-03-05",72,72,1,"PfDHPS 581G","Mutant"
"376","KS-03-20",86,86,1,"PfDHPS 581G","Mutant"
"377","MU-03-30",31,8,0.258064516129032,"PfDHPS 581G","Mixed"
"378","KN-03-28",127,127,1,"PfDHPS 581G","Mutant"
"379","KS-03-18",19,5,0.263157894736842,"PfDHPS 581G","Mixed"
"380","KN-03-24",37,37,1,"PfDHPS 581G","Mutant"
"381","HO-03-09",232,232,1,"PfDHPS 581G","Mutant"
"382","KN-03-01",198,198,1,"PfDHPS 581G","Mutant"
"383","KN-03-14",57,57,1,"PfDHPS 581G","Mutant"
"384","KS-03-02",78,78,1,"PfDHPS 581G","Mutant"
"385","KO-03-34",381,381,1,"PfDHPS 581G","Mutant"
"386","KN-03-20",369,369,1,"PfDHPS 581G","Mutant"
"387","HO-03-19",234,234,1,"PfDHPS 581G","Mutant"
"388","MU-03-33",81,39,0.481481481481481,"PfDHPS 581G","Mixed"
"389","KS-03-09",11,11,1,"PfDHPS 581G","Mutant"
"390","KN-03-17",23,23,1,"PfDHPS 581G","Mutant"
"391","KN-03-10",193,193,1,"PfDHPS 581G","Mutant"
"392","KN-03-48",68,5,0.0735294117647059,"PfDHPS 581G","Mixed"
"393","MU-03-34",174,65,0.373563218390805,"PfDHPS 581G","Mixed"
"394","MU-03-46",65,65,1,"PfDHPS 581G","Mutant"
"395","AR-03-08",28,24,0.857142857142857,"PfDHPS 581G","Mutant"
"396","KN-03-32",152,142,0.934210526315789,"PfDHPS 581G","Mixed"
"397","HO-03-40",203,167,0.822660098522167,"PfDHPS 581G","Mixed"
"398","KN-03-09",23,7,0.304347826086957,"PfDHPS 581G","Mixed"
"399","KS-03-21",431,431,1,"PfDHPS 581G","Mutant"
"400","KS-03-01",20,8,0.4,"PfDHPS 581G","Mixed"
"401","KN-03-35",110,110,1,"PfDHPS 581G","Mutant"
"402","KS-03-07",39,39,1,"PfDHPS 581G","Mutant"
"403","MU-03-31",27,6,0.222222222222222,"PfDHPS 581G","Mixed"
"404","AG-03-25",569,569,1,"PfDHPS 581G","Mutant"
"405","KN-03-15",11,11,1,"PfDHPS 581G","Mutant"
"406","HO-03-42",51,32,0.627450980392157,"PfDHPS 581G","Mixed"
"407","TO-03-42",78,9,0.115384615384615,"PfDHPS 581G","Mixed"
"408","KS-04-45",113,113,1,"PfDHPS 581G","Mutant"
"409","HO-04-26",104,94,0.903846153846154,"PfDHPS 581G","Mixed"
"410","LA-04-29",41,35,0.853658536585366,"PfDHPS 581G","Mixed"
"411","KB-04-05",437,420,0.961098398169336,"PfDHPS 581G","Mixed"
"412","KS-04-29",10,10,1,"PfDHPS 581G","Mutant"
"413","KN-04-30",10,10,1,"PfDHPS 581G","Mutant"
"414","KS-04-23",25,25,1,"PfDHPS 581G","Mutant"
"415","KN-04-42",22,22,1,"PfDHPS 581G","Mutant"
"416","HO-04-46",305,6,0.019672131147541,"PfDHPS 581G","Mixed"
"417","HO-04-43",14,14,1,"PfDHPS 581G","Mutant"
"418","HO-04-44",12,12,1,"PfDHPS 581G","Mutant"
"419","HO-04-32",71,5,0.0704225352112676,"PfDHPS 581G","Mixed"
"420","KN-04-37",41,30,0.731707317073171,"PfDHPS 581G","Mixed"
"421","MU-04-19",80,80,1,"PfDHPS 581G","Mutant"
"422","KN-04-15",13,13,1,"PfDHPS 581G","Mutant"
"423","KN-04-35",37,12,0.324324324324324,"PfDHPS 581G","Mixed"
"424","KB-04-04",361,355,0.983379501385042,"PfDHPS 581G","Mixed"
"425","KN-04-12",49,49,1,"PfDHPS 581G","Mutant"
"426","KN-04-41",17,14,0.823529411764706,"PfDHPS 581G","Mutant"
"427","MU-04-13",12,12,1,"PfDHPS 581G","Mutant"
"428","KS-04-03",297,297,1,"PfDHPS 581G","Mutant"
"429","AR-04-02",104,26,0.25,"PfDHPS 581G","Mixed"
"430","KS-04-37",12,12,1,"PfDHPS 581G","Mutant"
"431","KN-04-48",191,191,1,"PfDHPS 581G","Mutant"
"432","AR-04-36",445,28,0.0629213483146067,"PfDHPS 581G","Mixed"
"433","KS-04-09",127,33,0.259842519685039,"PfDHPS 581G","Mixed"
"434","KS-04-43",54,54,1,"PfDHPS 581G","Mutant"
"435","KN-04-24",95,95,1,"PfDHPS 581G","Mutant"
"436","MU-04-09",12,12,1,"PfDHPS 581G","Mutant"
"437","KS-04-26",14,14,1,"PfDHPS 581G","Mutant"
"438","MU-04-07",15,15,1,"PfDHPS 581G","Mutant"
"439","MU-04-16",61,61,1,"PfDHPS 581G","Mutant"
"440","KN-04-25",125,125,1,"PfDHPS 581G","Mutant"
"441","KN-04-43",553,111,0.200723327305606,"PfDHPS 581G","Mixed"
"442","KN-04-17",166,166,1,"PfDHPS 581G","Mutant"
"443","HO-05-08",92,8,0.0869565217391304,"PfDHPS 581G","Mixed"
"444","JI-05-76",271,78,0.287822878228782,"PfDHPS 581G","Mixed"
"445","JI-05-35",11,11,1,"PfDHPS 581G","Mutant"
"446","KS-05-98",11,5,0.454545454545455,"PfDHPS 581G","Mixed"
"447","JI-05-64",12,12,1,"PfDHPS 581G","Mutant"
"448","JI-05-25",21,21,1,"PfDHPS 581G","Mutant"
"449","KS-05-59",12,12,1,"PfDHPS 581G","Mutant"
"450","MU-05-43",22,22,1,"PfDHPS 581G","Mutant"
"451","KN-05-78",76,76,1,"PfDHPS 581G","Mutant"
"452","JI-05-37",12,12,1,"PfDHPS 581G","Mutant"
"453","JI-05-67",152,52,0.342105263157895,"PfDHPS 581G","Mixed"
"454","JI-05-55",13,13,1,"PfDHPS 581G","Mutant"
"455","MU-05-22",20,20,1,"PfDHPS 581G","Mutant"
"456","KS-05-23",239,61,0.255230125523013,"PfDHPS 581G","Mixed"
"457","JI-05-02",288,268,0.930555555555556,"PfDHPS 581G","Mixed"
"458","KS-05-58",135,135,1,"PfDHPS 581G","Mutant"
"459","KS-05-14",169,124,0.733727810650888,"PfDHPS 581G","Mixed"
"460","JI-05-60",23,23,1,"PfDHPS 581G","Mutant"
"461","KN-05-65",143,143,1,"PfDHPS 581G","Mutant"
"462","KN-05-75",90,68,0.755555555555556,"PfDHPS 581G","Mixed"
"463","JI-05-40",20,20,1,"PfDHPS 581G","Mutant"
"464","MU-05-51",17,8,0.470588235294118,"PfDHPS 581G","Mixed"
"465","KN-05-34",93,93,1,"PfDHPS 581G","Mutant"
"466","KN-05-29",100,96,0.96,"PfDHPS 581G","Mutant"
"467","KN-05-19",197,197,1,"PfDHPS 581G","Mutant"
"468","KB-05-21",47,47,1,"PfDHPS 581G","Mutant"
"469","LA-05-61",70,13,0.185714285714286,"PfDHPS 581G","Mixed"
"470","AR-05-26",144,144,1,"PfDHPS 581G","Mutant"
"471","MU-05-63",28,28,1,"PfDHPS 581G","Mutant"
"472","JI-05-70",346,110,0.317919075144509,"PfDHPS 581G","Mixed"
"473","KN-05-36",63,63,1,"PfDHPS 581G","Mutant"
"474","KN-05-90",91,91,1,"PfDHPS 581G","Mutant"
"475","KS-05-28",55,55,1,"PfDHPS 581G","Mutant"
"476","KB-05-45",117,117,1,"PfDHPS 581G","Mutant"
"477","MU-05-84",64,16,0.25,"PfDHPS 581G","Mixed"
"478","KN-05-17",467,467,1,"PfDHPS 581G","Mutant"
"479","JI-05-14",226,226,1,"PfDHPS 581G","Mutant"
"480","JI-05-47",10,10,1,"PfDHPS 581G","Mutant"
"481","KS-05-92",30,30,1,"PfDHPS 581G","Mutant"
"482","KB-05-42",40,40,1,"PfDHPS 581G","Mutant"
"483","KN-05-40",190,190,1,"PfDHPS 581G","Mutant"
"484","JI-05-38",16,16,1,"PfDHPS 581G","Mutant"
"485","KN-05-84",51,51,1,"PfDHPS 581G","Mutant"
"486","AR-05-61",73,58,0.794520547945205,"PfDHPS 581G","Mixed"
"487","KS-05-08",365,100,0.273972602739726,"PfDHPS 581G","Mixed"
"488","KS-05-51",73,73,1,"PfDHPS 581G","Mutant"
"489","JI-05-65",27,27,1,"PfDHPS 581G","Mutant"
"490","HO-05-03",92,13,0.141304347826087,"PfDHPS 581G","Mixed"
"491","MU-05-17",25,25,1,"PfDHPS 581G","Mutant"
"492","KS-05-41",28,28,1,"PfDHPS 581G","Mutant"
"493","KS-05-18",110,89,0.809090909090909,"PfDHPS 581G","Mixed"
"494","MU-05-05",18,18,1,"PfDHPS 581G","Mutant"
"495","KS-05-16",238,52,0.218487394957983,"PfDHPS 581G","Mixed"
"496","KB-05-14",87,46,0.528735632183908,"PfDHPS 581G","Mixed"
"497","KB-05-37",50,50,1,"PfDHPS 581G","Mutant"
"498","HO-05-15",58,46,0.793103448275862,"PfDHPS 581G","Mixed"
"499","JI-05-15",164,158,0.963414634146341,"PfDHPS 581G","Mixed"
"500","LA-05-37",37,30,0.810810810810811,"PfDHPS 581G","Mixed"
"501","KN-05-12",237,237,1,"PfDHPS 581G","Mutant"
"502","AR-05-57",102,102,1,"PfDHPS 581G","Mutant"
"503","JI-05-58",10,10,1,"PfDHPS 581G","Mutant"
"504","KN-05-72",227,227,1,"PfDHPS 581G","Mutant"
"505","KN-05-63",135,135,1,"PfDHPS 581G","Mutant"
"506","JI-05-26",21,21,1,"PfDHPS 581G","Mutant"
"507","JI-05-79",331,101,0.305135951661631,"PfDHPS 581G","Mixed"
"508","KN-05-33",368,368,1,"PfDHPS 581G","Mutant"
"509","JI-05-09",37,8,0.216216216216216,"PfDHPS 581G","Mixed"
"510","KB-05-03",71,71,1,"PfDHPS 581G","Mutant"
"511","KS-05-12",196,186,0.948979591836735,"PfDHPS 581G","Mixed"
"512","JI-05-59",10,10,1,"PfDHPS 581G","Mutant"
"513","JI-05-50",13,13,1,"PfDHPS 581G","Mutant"
"514","JI-05-27",16,16,1,"PfDHPS 581G","Mutant"
"515","HO-05-12",90,13,0.144444444444444,"PfDHPS 581G","Mixed"
"516","KN-05-30",157,157,1,"PfDHPS 581G","Mutant"
"517","KN-05-47",25,25,1,"PfDHPS 581G","Mutant"
"518","JI-05-77",250,84,0.336,"PfDHPS 581G","Mixed"
"519","KS-05-15",57,57,1,"PfDHPS 581G","Mutant"
"520","MU-05-97",64,64,1,"PfDHPS 581G","Mutant"
"521","JI-05-62",12,12,1,"PfDHPS 581G","Mutant"
"522","KS-05-96",49,49,1,"PfDHPS 581G","Mutant"
"523","KN-05-43",17,17,1,"PfDHPS 581G","Mutant"
"524","KS-05-65",225,66,0.293333333333333,"PfDHPS 581G","Mixed"
"525","KS-05-56",127,10,0.078740157480315,"PfDHPS 581G","Mixed"
"526","KS-05-11",39,39,1,"PfDHPS 581G","Mutant"
"527","KB-05-41",15,15,1,"PfDHPS 581G","Mutant"
"528","JI-05-54",11,11,1,"PfDHPS 581G","Mutant"
"529","KS-05-88",60,60,1,"PfDHPS 581G","Mutant"
"530","KS-05-67",43,43,1,"PfDHPS 581G","Mutant"
"531","KB-05-26",73,73,1,"PfDHPS 581G","Mutant"
"532","HO-05-18",60,44,0.733333333333333,"PfDHPS 581G","Mixed"
"533","KS-05-38",75,75,1,"PfDHPS 581G","Mutant"
"534","KS-05-30",234,33,0.141025641025641,"PfDHPS 581G","Mixed"
"535","KB-05-44",10,10,1,"PfDHPS 581G","Mutant"
"536","KN-05-06",343,174,0.507288629737609,"PfDHPS 581G","Mixed"
"537","PM2",16,8,0.5,"PfDHPS 581G","Mixed"
"538","JI-05-24",12,12,1,"PfDHPS 581G","Mutant"
"539","KS-05-31",148,148,1,"PfDHPS 581G","Mutant"
"540","MU-05-46",37,37,1,"PfDHPS 581G","Mutant"
"541","KN-05-70",38,38,1,"PfDHPS 581G","Mutant"
"542","JI-05-31",26,26,1,"PfDHPS 581G","Mutant"
"543","KN-05-21",92,92,1,"PfDHPS 581G","Mutant"
"544","KN-05-76",174,174,1,"PfDHPS 581G","Mutant"
"545","KS-05-85",33,33,1,"PfDHPS 581G","Mutant"
"546","MU-05-88",17,5,0.294117647058824,"PfDHPS 581G","Mixed"
"547","JI-05-41",14,14,1,"PfDHPS 581G","Mutant"
"548","KN-05-86",138,138,1,"PfDHPS 581G","Mutant"
"549","MU-05-72",18,18,1,"PfDHPS 581G","Mutant"
"550","AR-05-19",208,208,1,"PfDHPS 581G","Mutant"
"551","JI-05-43",12,12,1,"PfDHPS 581G","Mutant"
"552","KB-05-22",181,181,1,"PfDHPS 581G","Mutant"
"553","KN-05-24",154,154,1,"PfDHPS 581G","Mutant"
"554","HO-05-07",71,7,0.0985915492957746,"PfDHPS 581G","Mixed"
"555","KS-05-39",110,45,0.409090909090909,"PfDHPS 581G","Mixed"
"556","KS-05-74",199,199,1,"PfDHPS 581G","Mutant"
"557","KS-05-09",77,70,0.909090909090909,"PfDHPS 581G","Mixed"
"558","KS-05-44",201,146,0.72636815920398,"PfDHPS 581G","Mixed"
"559","JI-05-42",19,19,1,"PfDHPS 581G","Mutant"
"560","JI-05-61",14,14,1,"PfDHPS 581G","Mutant"
"561","JI-05-30",19,19,1,"PfDHPS 581G","Mutant"
"562","KN-05-93",115,28,0.243478260869565,"PfDHPS 581G","Mixed"
"563","KN-05-41",61,50,0.819672131147541,"PfDHPS 581G","Mixed"
"564","AR-05-59",127,72,0.566929133858268,"PfDHPS 581G","Mixed"
"565","KB-05-35",21,6,0.285714285714286,"PfDHPS 581G","Mixed"
"566","KN-05-18",167,167,1,"PfDHPS 581G","Mutant"
"567","KS-05-78",134,134,1,"PfDHPS 581G","Mutant"
"568","HO-05-55",16,8,0.5,"PfDHPS 581G","Mixed"
"569","TO-05-41",255,255,1,"PfDHPS 581G","Mutant"
"570","KS-05-25",190,190,1,"PfDHPS 581G","Mutant"
"571","KS-05-20",16,16,1,"PfDHPS 581G","Mutant"
"572","JI-05-29",11,11,1,"PfDHPS 581G","Mutant"
"573","JI-05-63",26,26,1,"PfDHPS 581G","Mutant"
"574","KN-05-95",22,22,1,"PfDHPS 581G","Mutant"
"575","JI-05-28",19,19,1,"PfDHPS 581G","Mutant"
"576","KO-05-33",97,97,1,"PfDHPS 581G","Mutant"
"577","KS-05-91",250,250,1,"PfDHPS 581G","Mutant"
"578","JI-05-33",21,21,1,"PfDHPS 581G","Mutant"
"579","KB-06-11",72,70,0.972222222222222,"PfDHPS 581G","Mutant"
"580","AR-06-42",42,24,0.571428571428571,"PfDHPS 581G","Mixed"
"581","KB-06-47",78,7,0.0897435897435897,"PfDHPS 581G","Mixed"
"582","KB-06-59",26,26,1,"PfDHPS 581G","Mutant"
"583","HO-06-74",29,29,1,"PfDHPS 581G","Mutant"
"584","KB-06-78",208,208,1,"PfDHPS 581G","Mutant"
"585","KN-06-67",13,13,1,"PfDHPS 581G","Mutant"
"586","KN-06-45",13,11,0.846153846153846,"PfDHPS 581G","Mutant"
"587","KN-06-64",64,52,0.8125,"PfDHPS 581G","Mixed"
"588","KN-06-66",71,71,1,"PfDHPS 581G","Mutant"
"589","KN-06-06",67,67,1,"PfDHPS 581G","Mutant"
"590","KS-06-34",139,139,1,"PfDHPS 581G","Mutant"
"591","KB-06-13",123,123,1,"PfDHPS 581G","Mutant"
"592","KB-06-74",73,73,1,"PfDHPS 581G","Mutant"
"593","HO-06-42",10,10,1,"PfDHPS 581G","Mutant"
"594","KN-06-73",71,71,1,"PfDHPS 581G","Mutant"
"595","KB-06-16",176,174,0.988636363636364,"PfDHPS 581G","Mutant"
"596","KB-06-43",174,39,0.224137931034483,"PfDHPS 581G","Mixed"
"597","KB-06-68",141,141,1,"PfDHPS 581G","Mutant"
"598","KB-06-82",64,64,1,"PfDHPS 581G","Mutant"
"599","KS-06-45",52,35,0.673076923076923,"PfDHPS 581G","Mixed"
"600","KB-06-28",45,7,0.155555555555556,"PfDHPS 581G","Mixed"
"601","KB-06-79",70,70,1,"PfDHPS 581G","Mutant"
"602","AR-06-40",113,113,1,"PfDHPS 581G","Mutant"
"603","KB-06-22",467,467,1,"PfDHPS 581G","Mutant"
"604","HO-06-52",21,21,1,"PfDHPS 581G","Mutant"
"605","MU-06-08",83,20,0.240963855421687,"PfDHPS 581G","Mixed"
"606","KS-06-26",167,63,0.377245508982036,"PfDHPS 581G","Mixed"
"607","KB-06-37",18,18,1,"PfDHPS 581G","Mutant"
"608","KN-06-52",99,99,1,"PfDHPS 581G","Mutant"
"609","AR-06-60",299,64,0.214046822742475,"PfDHPS 581G","Mixed"
"610","KN-06-35",50,47,0.94,"PfDHPS 581G","Mutant"
"611","KS-06-09",643,643,1,"PfDHPS 581G","Mutant"
"612","KS-06-47",57,57,1,"PfDHPS 581G","Mutant"
"613","KN-06-15",47,47,1,"PfDHPS 581G","Mutant"
"614","KB-06-32",26,26,1,"PfDHPS 581G","Mutant"
"615","KN-06-56",74,74,1,"PfDHPS 581G","Mutant"
"616","KS-06-88",173,171,0.988439306358382,"PfDHPS 581G","Mutant"
"617","HO-06-39",12,10,0.833333333333333,"PfDHPS 581G","Mutant"
"618","KS-06-27",119,119,1,"PfDHPS 581G","Mutant"
"619","KS-06-05",119,119,1,"PfDHPS 581G","Mutant"
"620","HO-06-98",621,621,1,"PfDHPS 581G","Mutant"
"621","TO-06-76",117,57,0.487179487179487,"PfDHPS 581G","Mixed"
"622","KB-06-67",112,90,0.803571428571429,"PfDHPS 581G","Mixed"
"623","HO-06-47",18,9,0.5,"PfDHPS 581G","Mixed"
"624","KN-06-43",59,39,0.661016949152542,"PfDHPS 581G","Mixed"
"625","KB-06-91",10,10,1,"PfDHPS 581G","Mutant"
"626","KB-06-65",25,25,1,"PfDHPS 581G","Mutant"
"627","HO-06-65",51,51,1,"PfDHPS 581G","Mutant"
"628","KB-06-24",128,128,1,"PfDHPS 581G","Mutant"
"629","KB-06-09",53,53,1,"PfDHPS 581G","Mutant"
"630","KB-06-27",192,192,1,"PfDHPS 581G","Mutant"
"631","KB-06-93",105,105,1,"PfDHPS 581G","Mutant"
"632","KB-06-45",20,8,0.4,"PfDHPS 581G","Mixed"
"633","KS-06-16",159,159,1,"PfDHPS 581G","Mutant"
"634","KB-06-18",120,120,1,"PfDHPS 581G","Mutant"
"635","KB-06-44",33,33,1,"PfDHPS 581G","Mutant"
"636","KB-06-39",27,12,0.444444444444444,"PfDHPS 581G","Mixed"
"637","KN-06-72",336,336,1,"PfDHPS 581G","Mutant"
"638","KB-06-52",27,27,1,"PfDHPS 581G","Mutant"
"639","KS-06-57",60,60,1,"PfDHPS 581G","Mutant"
"640","AR-06-92",12,12,1,"PfDHPS 581G","Mutant"
"641","KS-06-38",436,436,1,"PfDHPS 581G","Mutant"
"642","KS-06-14",112,71,0.633928571428571,"PfDHPS 581G","Mixed"
"643","AR-06-02",504,504,1,"PfDHPS 581G","Mutant"
"644","KS-06-72",14,12,0.857142857142857,"PfDHPS 581G","Mutant"
"645","KB-06-10",76,76,1,"PfDHPS 581G","Mutant"
"646","KS-06-30",21,21,1,"PfDHPS 581G","Mutant"
"647","MU-06-71",142,142,1,"PfDHPS 581G","Mutant"
"648","KB-06-54",12,12,1,"PfDHPS 581G","Mutant"
"649","KB-06-02",58,58,1,"PfDHPS 581G","Mutant"
"650","KS-06-06",146,146,1,"PfDHPS 581G","Mutant"
"651","KB-06-88",10,10,1,"PfDHPS 581G","Mutant"
"652","KB-06-66",128,128,1,"PfDHPS 581G","Mutant"
"653","MU-06-50",16,16,1,"PfDHPS 581G","Mutant"
"654","KS-06-37",117,117,1,"PfDHPS 581G","Mutant"
"655","KN-06-69",19,19,1,"PfDHPS 581G","Mutant"
"656","MU-06-60",13,9,0.692307692307692,"PfDHPS 581G","Mutant"
"657","KN-06-49",81,63,0.777777777777778,"PfDHPS 581G","Mixed"
"658","MU-06-56",64,64,1,"PfDHPS 581G","Mutant"
"659","AR-06-76",14,14,1,"PfDHPS 581G","Mutant"
"660","KB-06-51",60,60,1,"PfDHPS 581G","Mutant"
"661","KS-06-01",58,58,1,"PfDHPS 581G","Mutant"
"662","KS-06-15",25,21,0.84,"PfDHPS 581G","Mutant"
"663","JI-06-32",439,164,0.373576309794989,"PfDHPS 581G","Mixed"
"664","KB-06-95",127,127,1,"PfDHPS 581G","Mutant"
"665","HO-06-80",39,37,0.948717948717949,"PfDHPS 581G","Mutant"
"666","KS-06-54",43,17,0.395348837209302,"PfDHPS 581G","Mixed"
"667","KB-06-20",303,303,1,"PfDHPS 581G","Mutant"
"668","AR-06-86",100,68,0.68,"PfDHPS 581G","Mixed"
"669","KB-06-64",55,55,1,"PfDHPS 581G","Mutant"
"670","KS-06-40",29,25,0.862068965517241,"PfDHPS 581G","Mutant"
"671","KN-06-25",78,78,1,"PfDHPS 581G","Mutant"
"672","KN-06-63",20,9,0.45,"PfDHPS 581G","Mixed"
"673","AR-06-84",193,193,1,"PfDHPS 581G","Mutant"
"674","HO-06-53",53,51,0.962264150943396,"PfDHPS 581G","Mutant"
"675","HO-06-83",18,18,1,"PfDHPS 581G","Mutant"
"676","AR-06-66",301,46,0.152823920265781,"PfDHPS 581G","Mixed"
"677","AR-06-21",636,628,0.987421383647799,"PfDHPS 581G","Mixed"
"678","KO-06-02",82,23,0.280487804878049,"PfDHPS 581G","Mixed"
"679","KB-06-96",65,65,1,"PfDHPS 581G","Mutant"
"680","KB-06-72",93,35,0.376344086021505,"PfDHPS 581G","Mixed"
"681","HO-06-07",127,15,0.118110236220472,"PfDHPS 581G","Mixed"
"682","KS-06-08",128,92,0.71875,"PfDHPS 581G","Mixed"
"683","KS-06-59",35,35,1,"PfDHPS 581G","Mutant"
"684","KB-06-90",358,199,0.55586592178771,"PfDHPS 581G","Mixed"
"685","KB-06-62",26,26,1,"PfDHPS 581G","Mutant"
"686","KB-06-36",385,385,1,"PfDHPS 581G","Mutant"
"687","MU-06-19",12,12,1,"PfDHPS 581G","Mutant"
"688","KB-06-60",30,30,1,"PfDHPS 581G","Mutant"
"689","KB-06-41",40,9,0.225,"PfDHPS 581G","Mixed"
"690","KB-06-70",30,18,0.6,"PfDHPS 581G","Mixed"
"691","KB-06-57",28,9,0.321428571428571,"PfDHPS 581G","Mixed"
"692","KO-06-01",215,6,0.027906976744186,"PfDHPS 581G","Mixed"
"693","KB-06-19",18,18,1,"PfDHPS 581G","Mutant"
"694","KN-06-54",39,7,0.179487179487179,"PfDHPS 581G","Mixed"
"695","MU-06-65",166,62,0.373493975903614,"PfDHPS 581G","Mixed"
"696","AR-06-56",87,37,0.425287356321839,"PfDHPS 581G","Mixed"
"697","KB-06-05",50,35,0.7,"PfDHPS 581G","Mixed"
"698","KS-06-61",65,65,1,"PfDHPS 581G","Mutant"
"699","KS-06-75",415,397,0.956626506024096,"PfDHPS 581G","Mixed"
"700","KN-06-41",73,55,0.753424657534247,"PfDHPS 581G","Mixed"
"701","KB-06-49",349,9,0.0257879656160458,"PfDHPS 581G","Mixed"
"702","KN-06-32",52,37,0.711538461538462,"PfDHPS 581G","Mixed"
"703","KB-06-80",78,78,1,"PfDHPS 581G","Mutant"
"704","KS-06-36",147,23,0.156462585034014,"PfDHPS 581G","Mixed"
"705","KS-06-79",150,46,0.306666666666667,"PfDHPS 581G","Mixed"
"706","KB-06-25",11,11,1,"PfDHPS 581G","Mutant"
"707","KS-06-29",12,12,1,"PfDHPS 581G","Mutant"
"708","KS-06-55",32,32,1,"PfDHPS 581G","Mutant"
"709","KB-06-12",33,33,1,"PfDHPS 581G","Mutant"
"710","KN-06-19",101,99,0.98019801980198,"PfDHPS 581G","Mutant"
"711","KB-06-29",129,129,1,"PfDHPS 581G","Mutant"
"712","KB-06-48",393,339,0.862595419847328,"PfDHPS 581G","Mixed"
"713","AR-06-83",113,54,0.47787610619469,"PfDHPS 581G","Mixed"
"714","KN-06-29",101,101,1,"PfDHPS 581G","Mutant"
"715","HO-06-99",335,335,1,"PfDHPS 581G","Mutant"
"716","KN-06-40",68,48,0.705882352941177,"PfDHPS 581G","Mixed"
"717","KB-06-14",99,99,1,"PfDHPS 581G","Mutant"
"718","KN-06-60",67,67,1,"PfDHPS 581G","Mutant"
"719","HO-06-96",743,741,0.997308209959623,"PfDHPS 581G","Mutant"
"720","KN-06-65",18,18,1,"PfDHPS 581G","Mutant"
"721","KB-06-46",22,22,1,"PfDHPS 581G","Mutant"
"722","KS-06-03",16,16,1,"PfDHPS 581G","Mutant"
"723","MU-06-66",371,371,1,"PfDHPS 581G","Mutant"
"724","KS-06-64",100,97,0.97,"PfDHPS 581G","Mutant"
"725","KS-06-80",266,266,1,"PfDHPS 581G","Mutant"
"726","KB-06-85",467,467,1,"PfDHPS 581G","Mutant"
"727","KN-06-16",97,67,0.690721649484536,"PfDHPS 581G","Mixed"
"728","AR-06-95",22,10,0.454545454545455,"PfDHPS 581G","Mixed"
"729","KS-06-33",52,52,1,"PfDHPS 581G","Mutant"
"730","HO-06-97",557,557,1,"PfDHPS 581G","Mutant"
"731","HO-06-03",116,5,0.0431034482758621,"PfDHPS 581G","Mixed"
"732","KB-06-40",67,67,1,"PfDHPS 581G","Mutant"
"733","HO-06-91",28,23,0.821428571428571,"PfDHPS 581G","Mixed"
"734","KN-06-36",51,51,1,"PfDHPS 581G","Mutant"
"735","KS-06-87",889,33,0.0371203599550056,"PfDHPS 581G","Mixed"
"736","KB-06-55",19,19,1,"PfDHPS 581G","Mutant"
"737","KB-06-04",197,197,1,"PfDHPS 581G","Mutant"
"738","KB-06-08",137,46,0.335766423357664,"PfDHPS 581G","Mixed"
"739","KB-06-99",132,132,1,"PfDHPS 581G","Mutant"
"740","KB-06-31",47,47,1,"PfDHPS 581G","Mutant"
"741","KB-06-87",60,60,1,"PfDHPS 581G","Mutant"
"742","HO-06-50",13,7,0.538461538461538,"PfDHPS 581G","Mixed"
"743","KB-06-53",45,45,1,"PfDHPS 581G","Mutant"
"744","KN-06-83",96,96,1,"PfDHPS 581G","Mutant"
"745","KB-06-30",82,82,1,"PfDHPS 581G","Mutant"
"746","KB-06-81",96,96,1,"PfDHPS 581G","Mutant"
"747","KB-06-84",26,26,1,"PfDHPS 581G","Mutant"
"748","HO-06-08",135,12,0.0888888888888889,"PfDHPS 581G","Mixed"
"749","KN-06-82",52,52,1,"PfDHPS 581G","Mutant"
"750","KB-06-03",732,732,1,"PfDHPS 581G","Mutant"
"751","KN-07-89",84,40,0.476190476190476,"PfDHPS 581G","Mixed"
"752","MU-07-31",42,42,1,"PfDHPS 581G","Mutant"
"753","KB-07-32",33,33,1,"PfDHPS 581G","Mutant"
"754","KN-07-76",86,86,1,"PfDHPS 581G","Mutant"
"755","KB-07-41",18,18,1,"PfDHPS 581G","Mutant"
"756","KN-07-86",221,80,0.361990950226244,"PfDHPS 581G","Mixed"
"757","KS-07-14",256,37,0.14453125,"PfDHPS 581G","Mixed"
"758","KB-07-04",39,39,1,"PfDHPS 581G","Mutant"
"759","KB-07-68",213,213,1,"PfDHPS 581G","Mutant"
"760","KS-07-19",172,70,0.406976744186047,"PfDHPS 581G","Mixed"
"761","KN-07-75",21,21,1,"PfDHPS 581G","Mutant"
"762","kS-07-02",59,30,0.508474576271186,"PfDHPS 581G","Mixed"
"763","KB-07-25",67,67,1,"PfDHPS 581G","Mutant"
"764","KS-07-72",50,38,0.76,"PfDHPS 581G","Mixed"
"765","KN-07-83",30,30,1,"PfDHPS 581G","Mutant"
"766","KS-07-17",100,98,0.98,"PfDHPS 581G","Mutant"
"767","MU-07-15",56,38,0.678571428571429,"PfDHPS 581G","Mixed"
"768","KB-07-16",228,228,1,"PfDHPS 581G","Mutant"
"769","KN-07-81",34,34,1,"PfDHPS 581G","Mutant"
"770","AG-07-90",69,31,0.449275362318841,"PfDHPS 581G","Mixed"
"771","KB-07-86",13,10,0.769230769230769,"PfDHPS 581G","Mutant"
"772","KB-07-29",201,201,1,"PfDHPS 581G","Mutant"
"773","KS-07-41",194,9,0.0463917525773196,"PfDHPS 581G","Mixed"
"774","KB-07-37",433,313,0.722863741339492,"PfDHPS 581G","Mixed"
"775","KB-07-46",101,90,0.891089108910891,"PfDHPS 581G","Mixed"
"776","KS-07-91",122,20,0.163934426229508,"PfDHPS 581G","Mixed"
"777","KB-07-09",82,82,1,"PfDHPS 581G","Mutant"
"778","MU-07-29",61,52,0.852459016393443,"PfDHPS 581G","Mixed"
"779","KN-07-10",18,18,1,"PfDHPS 581G","Mutant"
"780","KB-07-85",87,87,1,"PfDHPS 581G","Mutant"
"781","AR-07-46",69,67,0.971014492753623,"PfDHPS 581G","Mutant"
"782","MU-07-67",86,74,0.86046511627907,"PfDHPS 581G","Mixed"
"783","KS-07-12",56,18,0.321428571428571,"PfDHPS 581G","Mixed"
"784","KS-07-98",93,74,0.795698924731183,"PfDHPS 581G","Mixed"
"785","AR-07-50",54,49,0.907407407407407,"PfDHPS 581G","Mixed"
"786","MU-07-37",125,113,0.904,"PfDHPS 581G","Mixed"
"787","KB-07-05",231,207,0.896103896103896,"PfDHPS 581G","Mixed"
"788","KB-07-13",348,348,1,"PfDHPS 581G","Mutant"
"789","KS-07-43",66,59,0.893939393939394,"PfDHPS 581G","Mixed"
"790","KB-07-96",21,21,1,"PfDHPS 581G","Mutant"
"791","KB-07-01",367,367,1,"PfDHPS 581G","Mutant"
"792","KB-07-71",46,30,0.652173913043478,"PfDHPS 581G","Mixed"
"793","KB-07-43",157,157,1,"PfDHPS 581G","Mutant"
"794","KN-07-09",33,33,1,"PfDHPS 581G","Mutant"
"795","TO-07-80",27,27,1,"PfDHPS 581G","Mutant"
"796","MU-07-79",30,30,1,"PfDHPS 581G","Mutant"
"797","AR-07-66",109,5,0.0458715596330275,"PfDHPS 581G","Mixed"
"798","KS-07-50",41,27,0.658536585365854,"PfDHPS 581G","Mixed"
"799","PM2",16,8,0.5,"PfDHPS 581G","Mixed"
"800","KS-07-86",83,19,0.228915662650602,"PfDHPS 581G","Mixed"
"801","KB-07-06",122,122,1,"PfDHPS 581G","Mutant"
"802","MU-07-52",109,76,0.697247706422018,"PfDHPS 581G","Mixed"
"803","KS-07-02",30,22,0.733333333333333,"PfDHPS 581G","Mixed"
"804","KO-07-36",14,14,1,"PfDHPS 581G","Mutant"
"805","KN-07-91",15,15,1,"PfDHPS 581G","Mutant"
"806","KB-07-54",52,52,1,"PfDHPS 581G","Mutant"
"807","KN-07-85",109,109,1,"PfDHPS 581G","Mutant"
"808","KB-07-03",124,116,0.935483870967742,"PfDHPS 581G","Mixed"
"809","MU-07-81",25,25,1,"PfDHPS 581G","Mutant"
"810","KB-07-21",68,68,1,"PfDHPS 581G","Mutant"
"811","KS-07-44",101,6,0.0594059405940594,"PfDHPS 581G","Mixed"
"812","AR-07-39",127,124,0.976377952755906,"PfDHPS 581G","Mutant"
"813","MU-07-42",81,49,0.604938271604938,"PfDHPS 581G","Mixed"
"814","KN-07-74",15,7,0.466666666666667,"PfDHPS 581G","Mixed"
"815","AR-07-89",206,28,0.135922330097087,"PfDHPS 581G","Mixed"
"816","KS-07-38",24,24,1,"PfDHPS 581G","Mutant"
"817","AR-07-48",55,48,0.872727272727273,"PfDHPS 581G","Mixed"
"818","KB-07-89",27,27,1,"PfDHPS 581G","Mutant"
"819","KS-07-51",33,30,0.909090909090909,"PfDHPS 581G","Mutant"
"820","KS-07-68",88,88,1,"PfDHPS 581G","Mutant"
"821","KB-07-79",34,23,0.676470588235294,"PfDHPS 581G","Mixed"
"822","KN-07-87",52,25,0.480769230769231,"PfDHPS 581G","Mixed"
"823","KS-07-64",106,42,0.39622641509434,"PfDHPS 581G","Mixed"
"824","KS-07-20",30,30,1,"PfDHPS 581G","Mutant"
"825","MU-07-73",27,27,1,"PfDHPS 581G","Mutant"
"826","KB-07-26",62,62,1,"PfDHPS 581G","Mutant"
"827","MU-07-46",33,20,0.606060606060606,"PfDHPS 581G","Mixed"
"828","KS-07-22",58,43,0.741379310344828,"PfDHPS 581G","Mixed"
"829","KN-07-73",81,62,0.765432098765432,"PfDHPS 581G","Mixed"
"830","AG-07-20",108,108,1,"PfDHPS 581G","Mutant"
"831","AR-07-03",72,13,0.180555555555556,"PfDHPS 581G","Mixed"
"832","MU-07-43",56,53,0.946428571428571,"PfDHPS 581G","Mutant"
"833","KS-07-07",112,112,1,"PfDHPS 581G","Mutant"
"834","MU-07-53",44,28,0.636363636363636,"PfDHPS 581G","Mixed"
"835","KB-07-78",17,17,1,"PfDHPS 581G","Mutant"
"836","AR-07-51",65,60,0.923076923076923,"PfDHPS 581G","Mixed"
"837","KS-07-48",65,65,1,"PfDHPS 581G","Mutant"
"838","KS-07-09",148,129,0.871621621621622,"PfDHPS 581G","Mixed"
"839","KB-07-65",343,343,1,"PfDHPS 581G","Mutant"
"840","KN-07-04",14,14,1,"PfDHPS 581G","Mutant"
"841","KN-07-79",39,20,0.512820512820513,"PfDHPS 581G","Mixed"
"842","KB-07-27",295,295,1,"PfDHPS 581G","Mutant"
"843","MU-07-76",59,57,0.966101694915254,"PfDHPS 581G","Mutant"
"844","KS-07-03",205,143,0.697560975609756,"PfDHPS 581G","Mixed"
"845","KB-07-08",264,243,0.920454545454545,"PfDHPS 581G","Mixed"
"846","KB-07-49",110,110,1,"PfDHPS 581G","Mutant"
"847","KS-07-23",57,42,0.736842105263158,"PfDHPS 581G","Mixed"
"848","MU-07-86",38,38,1,"PfDHPS 581G","Mutant"
"849","KB-07-07",125,125,1,"PfDHPS 581G","Mutant"
"850","AR-07-64",99,53,0.535353535353535,"PfDHPS 581G","Mixed"
"851","KS-07-74",57,57,1,"PfDHPS 581G","Mutant"
"852","KB-07-42",19,19,1,"PfDHPS 581G","Mutant"
"853","KN-07-78",18,18,1,"PfDHPS 581G","Mutant"
"854","KB-07-23",217,217,1,"PfDHPS 581G","Mutant"
"855","MU-07-84",76,66,0.868421052631579,"PfDHPS 581G","Mixed"
"856","KS-07-15",119,89,0.747899159663866,"PfDHPS 581G","Mixed"
"857","KS-07-46",31,31,1,"PfDHPS 581G","Mutant"
"858","MU-07-26",15,15,1,"PfDHPS 581G","Mutant"
"859","KS-07-52",20,5,0.25,"PfDHPS 581G","Mixed"
"860","MU-07-60",90,61,0.677777777777778,"PfDHPS 581G","Mixed"
"861","KB-07-48",152,152,1,"PfDHPS 581G","Mutant"
"862","KB-07-66",75,75,1,"PfDHPS 581G","Mutant"
"863","KB-07-94",96,96,1,"PfDHPS 581G","Mutant"
"864","KB-07-51",55,49,0.890909090909091,"PfDHPS 581G","Mixed"
"865","KN-07-05",40,40,1,"PfDHPS 581G","Mutant"
"866","KB-07-84",32,32,1,"PfDHPS 581G","Mutant"
"867","KS-07-21",166,164,0.987951807228916,"PfDHPS 581G","Mutant"
"868","AR-07-42",207,7,0.0338164251207729,"PfDHPS 581G","Mixed"
"869","KS-07-69",14,14,1,"PfDHPS 581G","Mutant"
"870","KB-07-17",54,6,0.111111111111111,"PfDHPS 581G","Mixed"
"871","KB-07-55",167,165,0.988023952095808,"PfDHPS 581G","Mutant"
"872","KS-07-06",109,91,0.834862385321101,"PfDHPS 581G","Mixed"
"873","KB-07-12",58,58,1,"PfDHPS 581G","Mutant"
"874","KS-07-42",154,9,0.0584415584415584,"PfDHPS 581G","Mixed"
"875","MU-07-18",110,102,0.927272727272727,"PfDHPS 581G","Mixed"
"876","KN-07-01",11,11,1,"PfDHPS 581G","Mutant"
"877","MU-07-16",94,94,1,"PfDHPS 581G","Mutant"
